/*
Navicat MySQL Data Transfer

Source Server         : localhost
Source Server Version : 50045
Source Host           : localhost:3306
Source Database       : uwoa4

Target Server Type    : MYSQL
Target Server Version : 50045
File Encoding         : 65001

Date: 2013-08-11 21:06:25
*/

SET FOREIGN_KEY_CHECKS=0;

-- ----------------------------
-- Table structure for `au_resources`
-- ----------------------------
DROP TABLE IF EXISTS `au_resources`;
CREATE TABLE `au_resources` (
  `memo` varchar(255) default NULL,
  `url` varchar(255) default NULL,
  `priority` int(11) default NULL,
  `type` int(11) default NULL,
  `name` varchar(255) default NULL,
  `id` char(32) NOT NULL,
  `creator` char(32) default NULL,
  `last_modify` char(32) default NULL,
  `create_time` timestamp NULL default '0000-00-00 00:00:00',
  `last_modify_time` timestamp NULL default CURRENT_TIMESTAMP on update CURRENT_TIMESTAMP,
  `delete_flag` char(1) NOT NULL default '0',
  PRIMARY KEY  (`id`)
) ENGINE=InnoDB DEFAULT CHARSET=utf8;

-- ----------------------------
-- Records of au_resources
-- ----------------------------
INSERT INTO `au_resources` VALUES ('餐厅管理', '/restaurant/table', null, '1', '餐桌管理', 'c41d5c5501c211e3a15d0021ccb9e2f5', '11111111111111111111111111111111', '11111111111111111111111111111111', '2013-08-11 16:31:59', '2013-08-11 16:34:14', '0');
INSERT INTO `au_resources` VALUES ('餐厅管理', '/restaurant/table/query', null, '2', '餐桌管理-查询', 'c4346e7901c211e3a15d0021ccb9e2f5', '11111111111111111111111111111111', '11111111111111111111111111111111', '2013-08-11 16:31:59', '2013-08-11 16:34:14', '0');
INSERT INTO `au_resources` VALUES ('餐厅管理', '/restaurant/table/edit', null, '2', '餐桌管理-修改', 'c43cacb901c211e3a15d0021ccb9e2f5', '11111111111111111111111111111111', '11111111111111111111111111111111', '2013-08-11 16:31:59', '2013-08-11 16:34:14', '0');
INSERT INTO `au_resources` VALUES ('餐厅管理', '/restaurant/table/addBatch', null, '2', '餐桌锅里-批量新增', 'c44da15301c211e3a15d0021ccb9e2f5', '11111111111111111111111111111111', '11111111111111111111111111111111', '2013-08-11 16:31:59', '2013-08-11 16:34:14', '0');
INSERT INTO `au_resources` VALUES ('餐厅管理', '/restaurant/table/delete', null, '2', '餐桌管理-删除', 'c459e21101c211e3a15d0021ccb9e2f5', '11111111111111111111111111111111', '11111111111111111111111111111111', '2013-08-11 16:31:59', '2013-08-11 16:34:14', '0');
INSERT INTO `au_resources` VALUES ('餐厅管理', '/restaurant/restaurantInfo', null, '1', '餐厅介绍', 'c4627ea801c211e3a15d0021ccb9e2f5', '11111111111111111111111111111111', '11111111111111111111111111111111', '2013-08-11 16:31:59', '2013-08-11 16:34:14', '0');
INSERT INTO `au_resources` VALUES ('餐厅管理', '/restaurant/restaurantInfo/query', null, '2', '餐厅介绍-查询', 'c47285e301c211e3a15d0021ccb9e2f5', '11111111111111111111111111111111', '11111111111111111111111111111111', '2013-08-11 16:31:59', '2013-08-11 16:34:14', '0');
INSERT INTO `au_resources` VALUES ('餐厅管理', '/restaurant/restaurantInfo/edit', null, '2', '餐厅介绍-修改', 'c47ea17701c211e3a15d0021ccb9e2f5', '11111111111111111111111111111111', '11111111111111111111111111111111', '2013-08-11 16:31:59', '2013-08-11 16:34:14', '0');
INSERT INTO `au_resources` VALUES ('餐厅管理', '/restaurant/systemInfo', null, '1', '系统配置', 'c489dd9801c211e3a15d0021ccb9e2f5', '11111111111111111111111111111111', '11111111111111111111111111111111', '2013-08-11 16:31:59', '2013-08-11 16:34:14', '0');
INSERT INTO `au_resources` VALUES ('餐厅管理', '/restaurant/systemInfo/query', null, '2', '系统配置-查询', 'c497717e01c211e3a15d0021ccb9e2f5', '11111111111111111111111111111111', '11111111111111111111111111111111', '2013-08-11 16:31:59', '2013-08-11 16:34:14', '0');
INSERT INTO `au_resources` VALUES ('餐厅管理', '/restaurant/systemInfo/edit', null, '2', '系统配置-修改', 'c4a1dba901c211e3a15d0021ccb9e2f5', '11111111111111111111111111111111', '11111111111111111111111111111111', '2013-08-11 16:31:59', '2013-08-11 16:34:14', '0');
INSERT INTO `au_resources` VALUES ('餐厅管理', '/system/restaurant', null, '1', '连锁店管理', 'c4aab92101c211e3a15d0021ccb9e2f5', '11111111111111111111111111111111', '11111111111111111111111111111111', '2013-08-11 16:31:59', '2013-08-11 16:34:14', '0');
INSERT INTO `au_resources` VALUES ('餐厅管理', '/system/restaurant/query', null, '2', '连锁店管理-查询', 'c4b5093301c211e3a15d0021ccb9e2f5', '11111111111111111111111111111111', '11111111111111111111111111111111', '2013-08-11 16:31:59', '2013-08-11 16:34:14', '0');
INSERT INTO `au_resources` VALUES ('餐厅管理', '/system/restaurant/edit', null, '2', '连锁店管理-修改', 'c4c06b9001c211e3a15d0021ccb9e2f5', '11111111111111111111111111111111', '11111111111111111111111111111111', '2013-08-11 16:31:59', '2013-08-11 16:34:14', '0');
INSERT INTO `au_resources` VALUES ('餐厅管理', '/system/restaurant/delete', null, '2', '连锁店管理-删除', 'c4cba64a01c211e3a15d0021ccb9e2f5', '11111111111111111111111111111111', '11111111111111111111111111111111', '2013-08-11 16:31:59', '2013-08-11 16:34:14', '0');
INSERT INTO `au_resources` VALUES ('菜品管理', '/food/foodType', null, '1', '菜品分类管理', 'c4d4882801c211e3a15d0021ccb9e2f5', '11111111111111111111111111111111', '11111111111111111111111111111111', '2013-08-11 16:31:59', '2013-08-11 16:34:14', '0');
INSERT INTO `au_resources` VALUES ('菜品管理', '/food/foodType/query', null, '2', '菜品分类管理-查询', 'c4dd4ae601c211e3a15d0021ccb9e2f5', '11111111111111111111111111111111', '11111111111111111111111111111111', '2013-08-11 16:31:59', '2013-08-11 16:34:14', '0');
INSERT INTO `au_resources` VALUES ('菜品管理', '/food/foodType/edit', null, '2', '菜品分类管理-修改', 'c4e67c9301c211e3a15d0021ccb9e2f5', '11111111111111111111111111111111', '11111111111111111111111111111111', '2013-08-11 16:31:59', '2013-08-11 16:34:14', '0');
INSERT INTO `au_resources` VALUES ('菜品管理', '/food/foodType/delete', null, '2', '菜品分类管理-删除', 'c4f22d0b01c211e3a15d0021ccb9e2f5', '11111111111111111111111111111111', '11111111111111111111111111111111', '2013-08-11 16:31:59', '2013-08-11 16:34:14', '0');
INSERT INTO `au_resources` VALUES ('菜品管理', '/food/food', null, '1', '菜品维护', 'c4fd19a601c211e3a15d0021ccb9e2f5', '11111111111111111111111111111111', '11111111111111111111111111111111', '2013-08-11 16:31:59', '2013-08-11 16:34:14', '0');
INSERT INTO `au_resources` VALUES ('菜品管理', '/food/food/query', null, '2', '菜品维护-查询', 'c51510ee01c211e3a15d0021ccb9e2f5', '11111111111111111111111111111111', '11111111111111111111111111111111', '2013-08-11 16:31:59', '2013-08-11 16:34:14', '0');
INSERT INTO `au_resources` VALUES ('菜品管理', '/food/food/edit', null, '2', '菜品维护-修改', 'c51eedbb01c211e3a15d0021ccb9e2f5', '11111111111111111111111111111111', '11111111111111111111111111111111', '2013-08-11 16:31:59', '2013-08-11 16:34:14', '0');
INSERT INTO `au_resources` VALUES ('菜品管理', '/food/food/delete', null, '2', '菜品维护-删除', 'c528478101c211e3a15d0021ccb9e2f5', '11111111111111111111111111111111', '11111111111111111111111111111111', '2013-08-11 16:31:59', '2013-08-11 16:34:14', '0');
INSERT INTO `au_resources` VALUES ('菜品管理', '/food/buffet', null, '1', '自助餐管理', 'c536df4701c211e3a15d0021ccb9e2f5', '11111111111111111111111111111111', '11111111111111111111111111111111', '2013-08-11 16:31:59', '2013-08-11 16:34:14', '0');
INSERT INTO `au_resources` VALUES ('菜品管理', '/food/buffet/query', null, '2', '自助餐管理-查询', 'c546911901c211e3a15d0021ccb9e2f5', '11111111111111111111111111111111', '11111111111111111111111111111111', '2013-08-11 16:31:59', '2013-08-11 16:34:14', '0');
INSERT INTO `au_resources` VALUES ('菜品管理', '/food/buffet/edit', null, '2', '自助餐管理-修改', 'c550a3b001c211e3a15d0021ccb9e2f5', '11111111111111111111111111111111', '11111111111111111111111111111111', '2013-08-11 16:31:59', '2013-08-11 16:34:14', '0');
INSERT INTO `au_resources` VALUES ('菜品管理', '/food/buffet/delete', null, '2', '自助餐管理-删除', 'c558c85b01c211e3a15d0021ccb9e2f5', '11111111111111111111111111111111', '11111111111111111111111111111111', '2013-08-11 16:31:59', '2013-08-11 16:34:14', '0');
INSERT INTO `au_resources` VALUES ('菜品管理', '/food/specialOffer', null, '1', '特价管理', 'c561a3ac01c211e3a15d0021ccb9e2f5', '11111111111111111111111111111111', '11111111111111111111111111111111', '2013-08-11 16:31:59', '2013-08-11 16:34:14', '0');
INSERT INTO `au_resources` VALUES ('菜品管理', '/food/specialOffer/query', null, '2', '特价管理-查询', 'c56ad3ef01c211e3a15d0021ccb9e2f5', '11111111111111111111111111111111', '11111111111111111111111111111111', '2013-08-11 16:31:59', '2013-08-11 16:34:14', '0');
INSERT INTO `au_resources` VALUES ('菜品管理', '/food/specialOffer/edit', null, '2', '特价管理-修改', 'c573995c01c211e3a15d0021ccb9e2f5', '11111111111111111111111111111111', '11111111111111111111111111111111', '2013-08-11 16:31:59', '2013-08-11 16:34:14', '0');
INSERT INTO `au_resources` VALUES ('菜品管理', '/food/specialOffer/delete', null, '2', '特价管理-删除', 'c57f1d0f01c211e3a15d0021ccb9e2f5', '11111111111111111111111111111111', '11111111111111111111111111111111', '2013-08-11 16:31:59', '2013-08-11 16:34:14', '0');
INSERT INTO `au_resources` VALUES ('菜品管理', '/food/commentManage', null, '1', '点评管理', 'c58f34eb01c211e3a15d0021ccb9e2f5', '11111111111111111111111111111111', '11111111111111111111111111111111', '2013-08-11 16:31:59', '2013-08-11 16:34:14', '0');
INSERT INTO `au_resources` VALUES ('菜品管理', '/food/commentManage/query', null, '2', '点评管理-查询', 'c597238201c211e3a15d0021ccb9e2f5', '11111111111111111111111111111111', '11111111111111111111111111111111', '2013-08-11 16:31:59', '2013-08-11 16:34:14', '0');
INSERT INTO `au_resources` VALUES ('菜品管理', '/food/commentManage/audit', null, '2', '点评管理-修改', 'c5a0134201c211e3a15d0021ccb9e2f5', '11111111111111111111111111111111', '11111111111111111111111111111111', '2013-08-11 16:31:59', '2013-08-11 16:34:14', '0');
INSERT INTO `au_resources` VALUES ('菜品管理', '/food/commentManage/delete', null, '2', '点评管理-删除', 'c5ab8fd901c211e3a15d0021ccb9e2f5', '11111111111111111111111111111111', '11111111111111111111111111111111', '2013-08-11 16:31:59', '2013-08-11 16:34:14', '0');
INSERT INTO `au_resources` VALUES ('订单管理', '/order/order', null, '1', '订单管理', 'c5bd2b7801c211e3a15d0021ccb9e2f5', '11111111111111111111111111111111', '11111111111111111111111111111111', '2013-08-11 16:31:59', '2013-08-11 16:34:14', '0');
INSERT INTO `au_resources` VALUES ('订单管理', '/order/order/queryTable', null, '2', '订单管理-查询', 'c5c6b8cc01c211e3a15d0021ccb9e2f5', '11111111111111111111111111111111', '11111111111111111111111111111111', '2013-08-11 16:31:59', '2013-08-11 16:34:14', '0');
INSERT INTO `au_resources` VALUES ('订单管理', '/order/order/edit', null, '2', '订单管理-修改', 'c5d22cb401c211e3a15d0021ccb9e2f5', '11111111111111111111111111111111', '11111111111111111111111111111111', '2013-08-11 16:31:59', '2013-08-11 16:34:14', '0');
INSERT INTO `au_resources` VALUES ('订单管理', '/order/order/delete', null, '2', '订单管理-删除', 'c5da53cb01c211e3a15d0021ccb9e2f5', '11111111111111111111111111111111', '11111111111111111111111111111111', '2013-08-11 16:31:59', '2013-08-11 16:34:14', '0');
INSERT INTO `au_resources` VALUES ('订单管理', '/order/order/print/', null, '2', '订单管理-打印', 'c5e3e41401c211e3a15d0021ccb9e2f5', '11111111111111111111111111111111', '11111111111111111111111111111111', '2013-08-11 16:31:59', '2013-08-11 16:34:14', '0');
INSERT INTO `au_resources` VALUES ('订单管理', '/order/order/printBatch/', null, '2', '订单管理-批次打印', 'c5ec89ac01c211e3a15d0021ccb9e2f5', '11111111111111111111111111111111', '11111111111111111111111111111111', '2013-08-11 16:31:59', '2013-08-11 16:34:14', '0');
INSERT INTO `au_resources` VALUES ('餐厅管理', '/system/restaurant', null, '1', '餐厅管理', 'c5fa3f0101c211e3a15d0021ccb9e2f5', '11111111111111111111111111111111', '11111111111111111111111111111111', '2013-08-11 16:31:59', '2013-08-11 16:34:14', '0');
INSERT INTO `au_resources` VALUES ('餐厅管理', '/system/restaurant/query', null, '2', '餐厅管理-查询', 'c6037b7b01c211e3a15d0021ccb9e2f5', '11111111111111111111111111111111', '11111111111111111111111111111111', '2013-08-11 16:31:59', '2013-08-11 16:34:14', '0');
INSERT INTO `au_resources` VALUES ('餐厅管理', '/system/restaurant/edit', null, '2', '餐厅管理-修改', 'c60c51a201c211e3a15d0021ccb9e2f5', '11111111111111111111111111111111', '11111111111111111111111111111111', '2013-08-11 16:31:59', '2013-08-11 16:34:14', '0');
INSERT INTO `au_resources` VALUES ('餐厅管理', '/system/restaurant/delete', null, '2', '餐厅管理-删除', 'c614fd7801c211e3a15d0021ccb9e2f5', '11111111111111111111111111111111', '11111111111111111111111111111111', '2013-08-11 16:31:59', '2013-08-11 16:34:14', '0');
INSERT INTO `au_resources` VALUES ('系统管理', '/system/dictionary', null, '1', '数据字典', 'c61e01b401c211e3a15d0021ccb9e2f5', '11111111111111111111111111111111', '11111111111111111111111111111111', '2013-08-11 16:31:59', '2013-08-11 16:34:14', '0');
INSERT INTO `au_resources` VALUES ('系统管理', '/system/dictionary/query', null, '2', '数据字典-查询', 'c629eff001c211e3a15d0021ccb9e2f5', '11111111111111111111111111111111', '11111111111111111111111111111111', '2013-08-11 16:31:59', '2013-08-11 16:34:14', '0');
INSERT INTO `au_resources` VALUES ('系统管理', '/system/dictionary/edit', null, '2', '数据字典-修改', 'c643a79201c211e3a15d0021ccb9e2f5', '11111111111111111111111111111111', '11111111111111111111111111111111', '2013-08-11 16:31:59', '2013-08-11 16:34:14', '0');
INSERT INTO `au_resources` VALUES ('系统管理', '/system/dictionary/delete', null, '2', '数据字典-删除', 'c64d316301c211e3a15d0021ccb9e2f5', '11111111111111111111111111111111', '11111111111111111111111111111111', '2013-08-11 16:31:59', '2013-08-11 16:34:14', '0');
INSERT INTO `au_resources` VALUES ('系统管理', '/system/au/resource', null, '1', '资源管理', 'c660504901c211e3a15d0021ccb9e2f5', '11111111111111111111111111111111', '11111111111111111111111111111111', '2013-08-11 16:31:59', '2013-08-11 16:34:14', '0');
INSERT INTO `au_resources` VALUES ('系统管理', '/system/au/resource/query', null, '2', '资源管理-查询', 'c66ef83a01c211e3a15d0021ccb9e2f5', '11111111111111111111111111111111', '11111111111111111111111111111111', '2013-08-11 16:31:59', '2013-08-11 16:34:14', '0');
INSERT INTO `au_resources` VALUES ('系统管理', '/system/au/resource/edit', null, '2', '资源管理-修改', 'c67afc0d01c211e3a15d0021ccb9e2f5', '11111111111111111111111111111111', '11111111111111111111111111111111', '2013-08-11 16:31:59', '2013-08-11 16:34:14', '0');
INSERT INTO `au_resources` VALUES ('系统管理', '/system/au/resource/delete', null, '2', '资源管理-删除', 'c688646201c211e3a15d0021ccb9e2f5', '11111111111111111111111111111111', '11111111111111111111111111111111', '2013-08-11 16:31:59', '2013-08-11 16:34:14', '0');
INSERT INTO `au_resources` VALUES ('餐厅管理', '/system/au/role', null, '1', '角色管理', 'c697d3d401c211e3a15d0021ccb9e2f5', '11111111111111111111111111111111', '11111111111111111111111111111111', '2013-08-11 16:31:59', '2013-08-11 16:34:14', '0');
INSERT INTO `au_resources` VALUES ('餐厅管理', '/system/au/role/query', null, '2', '角色管理-查询', 'c6a61e5501c211e3a15d0021ccb9e2f5', '11111111111111111111111111111111', '11111111111111111111111111111111', '2013-08-11 16:31:59', '2013-08-11 16:34:14', '0');
INSERT INTO `au_resources` VALUES ('餐厅管理', '/system/au/role/edit', null, '2', '角色管理-修改', 'c6bd245a01c211e3a15d0021ccb9e2f5', '11111111111111111111111111111111', '11111111111111111111111111111111', '2013-08-11 16:31:59', '2013-08-11 16:34:14', '0');
INSERT INTO `au_resources` VALUES ('餐厅管理', '/system/au/role/delete', null, '2', '角色管理-删除', 'c6c74abc01c211e3a15d0021ccb9e2f5', '11111111111111111111111111111111', '11111111111111111111111111111111', '2013-08-11 16:31:59', '2013-08-11 16:34:14', '0');
INSERT INTO `au_resources` VALUES ('餐厅管理', '/system/au/user', null, '1', '用户管理', 'c6d1717101c211e3a15d0021ccb9e2f5', '11111111111111111111111111111111', '11111111111111111111111111111111', '2013-08-11 16:31:59', '2013-08-11 16:34:14', '0');
INSERT INTO `au_resources` VALUES ('餐厅管理', '/system/au/user/query', null, '2', '用户管理-查询', 'c6dc53e701c211e3a15d0021ccb9e2f5', '11111111111111111111111111111111', '11111111111111111111111111111111', '2013-08-11 16:31:59', '2013-08-11 16:34:14', '0');
INSERT INTO `au_resources` VALUES ('餐厅管理', '/system/au/user/edit', null, '2', '用户管理-修改', 'c6e63a4e01c211e3a15d0021ccb9e2f5', '11111111111111111111111111111111', '11111111111111111111111111111111', '2013-08-11 16:31:59', '2013-08-11 16:34:14', '0');
INSERT INTO `au_resources` VALUES ('餐厅管理', '/system/au/user/delete', null, '2', '用户管理-删除', 'c702334501c211e3a15d0021ccb9e2f5', '11111111111111111111111111111111', '11111111111111111111111111111111', '2013-08-11 16:31:59', '2013-08-11 16:34:14', '0');

-- ----------------------------
-- Table structure for `au_roles`
-- ----------------------------
DROP TABLE IF EXISTS `au_roles`;
CREATE TABLE `au_roles` (
  `id` char(32) NOT NULL,
  `name` varchar(255) default NULL,
  `enable` int(11) default NULL,
  `creator` char(32) default NULL,
  `last_modify` char(32) default NULL,
  `create_time` timestamp NOT NULL default '0000-00-00 00:00:00',
  `last_modify_time` timestamp NOT NULL default CURRENT_TIMESTAMP on update CURRENT_TIMESTAMP,
  `memo` varchar(255) default NULL,
  `delete_flag` char(1) NOT NULL default '0',
  `rest_id` char(32) NOT NULL,
  PRIMARY KEY  (`id`)
) ENGINE=InnoDB DEFAULT CHARSET=utf8;

-- ----------------------------
-- Records of au_roles
-- ----------------------------
INSERT INTO `au_roles` VALUES ('88949cdd251349babbd8379249b70507', '临时工', '1', '5a383f852edf42bf8f0eb07c6185e5ca', '5a383f852edf42bf8f0eb07c6185e5ca', '2013-08-11 19:36:26', '2013-08-11 19:36:26', null, '0', '53820db3c88b4cf0a4010f320f001ca2');
INSERT INTO `au_roles` VALUES ('93a5cb74e26b4ff2a1dc802fccabdc10', '餐厅管理员', '1', '11111111111111111111111111111111', '11111111111111111111111111111111', '2013-08-11 16:33:14', '2013-08-11 16:34:22', null, '0', '');
INSERT INTO `au_roles` VALUES ('ab3a65031f514a3ab8ec17ef38755451', '菜品管理', '1', '11111111111111111111111111111111', '11111111111111111111111111111111', '2013-08-11 16:33:14', '2013-08-11 16:34:22', null, '0', '');
INSERT INTO `au_roles` VALUES ('b3362870038f48bb9a95e9dfbc081eab', '餐厅前台', '1', '11111111111111111111111111111111', '11111111111111111111111111111111', '2013-08-11 16:33:14', '2013-08-11 16:34:22', null, '0', '');
INSERT INTO `au_roles` VALUES ('cb87dfd34c79448c83cb74387521e91d', '营销管理', '1', '11111111111111111111111111111111', '11111111111111111111111111111111', '2013-08-11 16:33:14', '2013-08-11 16:34:22', null, '0', '');
INSERT INTO `au_roles` VALUES ('cea7a65df96e457ca074515f794da7a2', '管理员', '1', '11111111111111111111111111111111', '11111111111111111111111111111111', '2013-08-11 16:33:14', '2013-08-11 16:34:22', null, '0', '');

-- ----------------------------
-- Table structure for `au_roles_resources`
-- ----------------------------
DROP TABLE IF EXISTS `au_roles_resources`;
CREATE TABLE `au_roles_resources` (
  `id` char(32) NOT NULL,
  `rsid` char(32) NOT NULL,
  `rid` char(32) NOT NULL,
  `creator` char(32) default NULL,
  `create_time` timestamp NOT NULL default '0000-00-00 00:00:00',
  `last_modify` char(32) default NULL,
  `last_modify_time` timestamp NOT NULL default CURRENT_TIMESTAMP on update CURRENT_TIMESTAMP,
  `delete_flag` char(1) NOT NULL default '0',
  PRIMARY KEY  (`id`)
) ENGINE=InnoDB DEFAULT CHARSET=utf8;

-- ----------------------------
-- Records of au_roles_resources
-- ----------------------------
INSERT INTO `au_roles_resources` VALUES ('0671997801c411e3a15d0021ccb9e2f5', 'c41d5c5501c211e3a15d0021ccb9e2f5', 'ab3a65031f514a3ab8ec17ef38755451', '11111111111111111111111111111111', '2013-08-11 16:33:06', '11111111111111111111111111111111', '2013-08-11 16:34:45', '0');
INSERT INTO `au_roles_resources` VALUES ('0677de7f01c411e3a15d0021ccb9e2f5', 'c4346e7901c211e3a15d0021ccb9e2f5', 'ab3a65031f514a3ab8ec17ef38755451', '11111111111111111111111111111111', '2013-08-11 16:33:06', '11111111111111111111111111111111', '2013-08-11 16:34:45', '0');
INSERT INTO `au_roles_resources` VALUES ('0677df8a01c411e3a15d0021ccb9e2f5', 'c43cacb901c211e3a15d0021ccb9e2f5', 'ab3a65031f514a3ab8ec17ef38755451', '11111111111111111111111111111111', '2013-08-11 16:33:06', '11111111111111111111111111111111', '2013-08-11 16:34:45', '0');
INSERT INTO `au_roles_resources` VALUES ('0677e00d01c411e3a15d0021ccb9e2f5', 'c44da15301c211e3a15d0021ccb9e2f5', 'ab3a65031f514a3ab8ec17ef38755451', '11111111111111111111111111111111', '2013-08-11 16:33:06', '11111111111111111111111111111111', '2013-08-11 16:34:45', '0');
INSERT INTO `au_roles_resources` VALUES ('0677e08901c411e3a15d0021ccb9e2f5', 'c459e21101c211e3a15d0021ccb9e2f5', 'ab3a65031f514a3ab8ec17ef38755451', '11111111111111111111111111111111', '2013-08-11 16:33:06', '11111111111111111111111111111111', '2013-08-11 16:34:45', '0');
INSERT INTO `au_roles_resources` VALUES ('067b416601c411e3a15d0021ccb9e2f5', 'c4627ea801c211e3a15d0021ccb9e2f5', 'ab3a65031f514a3ab8ec17ef38755451', '11111111111111111111111111111111', '2013-08-11 16:33:06', '11111111111111111111111111111111', '2013-08-11 16:34:45', '0');
INSERT INTO `au_roles_resources` VALUES ('067b426901c411e3a15d0021ccb9e2f5', 'c47285e301c211e3a15d0021ccb9e2f5', 'ab3a65031f514a3ab8ec17ef38755451', '11111111111111111111111111111111', '2013-08-11 16:33:06', '11111111111111111111111111111111', '2013-08-11 16:34:45', '0');
INSERT INTO `au_roles_resources` VALUES ('067b42f101c411e3a15d0021ccb9e2f5', 'c47ea17701c211e3a15d0021ccb9e2f5', 'ab3a65031f514a3ab8ec17ef38755451', '11111111111111111111111111111111', '2013-08-11 16:33:06', '11111111111111111111111111111111', '2013-08-11 16:34:45', '0');
INSERT INTO `au_roles_resources` VALUES ('067b436c01c411e3a15d0021ccb9e2f5', 'c489dd9801c211e3a15d0021ccb9e2f5', 'ab3a65031f514a3ab8ec17ef38755451', '11111111111111111111111111111111', '2013-08-11 16:33:06', '11111111111111111111111111111111', '2013-08-11 16:34:45', '0');
INSERT INTO `au_roles_resources` VALUES ('067b43ef01c411e3a15d0021ccb9e2f5', 'c497717e01c211e3a15d0021ccb9e2f5', 'ab3a65031f514a3ab8ec17ef38755451', '11111111111111111111111111111111', '2013-08-11 16:33:06', '11111111111111111111111111111111', '2013-08-11 16:34:45', '0');
INSERT INTO `au_roles_resources` VALUES ('067b446601c411e3a15d0021ccb9e2f5', 'c4a1dba901c211e3a15d0021ccb9e2f5', 'ab3a65031f514a3ab8ec17ef38755451', '11111111111111111111111111111111', '2013-08-11 16:33:06', '11111111111111111111111111111111', '2013-08-11 16:34:45', '0');
INSERT INTO `au_roles_resources` VALUES ('067b44d501c411e3a15d0021ccb9e2f5', 'c4aab92101c211e3a15d0021ccb9e2f5', 'ab3a65031f514a3ab8ec17ef38755451', '11111111111111111111111111111111', '2013-08-11 16:33:06', '11111111111111111111111111111111', '2013-08-11 16:34:45', '0');
INSERT INTO `au_roles_resources` VALUES ('067b454801c411e3a15d0021ccb9e2f5', 'c4b5093301c211e3a15d0021ccb9e2f5', 'ab3a65031f514a3ab8ec17ef38755451', '11111111111111111111111111111111', '2013-08-11 16:33:06', '11111111111111111111111111111111', '2013-08-11 16:34:45', '0');
INSERT INTO `au_roles_resources` VALUES ('067b45d001c411e3a15d0021ccb9e2f5', 'c4c06b9001c211e3a15d0021ccb9e2f5', 'ab3a65031f514a3ab8ec17ef38755451', '11111111111111111111111111111111', '2013-08-11 16:33:06', '11111111111111111111111111111111', '2013-08-11 16:34:45', '0');
INSERT INTO `au_roles_resources` VALUES ('067b463f01c411e3a15d0021ccb9e2f5', 'c4cba64a01c211e3a15d0021ccb9e2f5', 'ab3a65031f514a3ab8ec17ef38755451', '11111111111111111111111111111111', '2013-08-11 16:33:06', '11111111111111111111111111111111', '2013-08-11 16:34:45', '0');
INSERT INTO `au_roles_resources` VALUES ('067b46b601c411e3a15d0021ccb9e2f5', 'c4d4882801c211e3a15d0021ccb9e2f5', 'ab3a65031f514a3ab8ec17ef38755451', '11111111111111111111111111111111', '2013-08-11 16:33:06', '11111111111111111111111111111111', '2013-08-11 16:34:45', '0');
INSERT INTO `au_roles_resources` VALUES ('067b472901c411e3a15d0021ccb9e2f5', 'c4dd4ae601c211e3a15d0021ccb9e2f5', 'ab3a65031f514a3ab8ec17ef38755451', '11111111111111111111111111111111', '2013-08-11 16:33:06', '11111111111111111111111111111111', '2013-08-11 16:34:45', '0');
INSERT INTO `au_roles_resources` VALUES ('067b479c01c411e3a15d0021ccb9e2f5', 'c4e67c9301c211e3a15d0021ccb9e2f5', 'ab3a65031f514a3ab8ec17ef38755451', '11111111111111111111111111111111', '2013-08-11 16:33:06', '11111111111111111111111111111111', '2013-08-11 16:34:45', '0');
INSERT INTO `au_roles_resources` VALUES ('067b480f01c411e3a15d0021ccb9e2f5', 'c4f22d0b01c211e3a15d0021ccb9e2f5', 'ab3a65031f514a3ab8ec17ef38755451', '11111111111111111111111111111111', '2013-08-11 16:33:06', '11111111111111111111111111111111', '2013-08-11 16:34:45', '0');
INSERT INTO `au_roles_resources` VALUES ('067b4b8301c411e3a15d0021ccb9e2f5', 'c4fd19a601c211e3a15d0021ccb9e2f5', 'ab3a65031f514a3ab8ec17ef38755451', '11111111111111111111111111111111', '2013-08-11 16:33:06', '11111111111111111111111111111111', '2013-08-11 16:34:45', '0');
INSERT INTO `au_roles_resources` VALUES ('067b4bfa01c411e3a15d0021ccb9e2f5', 'c51510ee01c211e3a15d0021ccb9e2f5', 'ab3a65031f514a3ab8ec17ef38755451', '11111111111111111111111111111111', '2013-08-11 16:33:06', '11111111111111111111111111111111', '2013-08-11 16:34:45', '0');
INSERT INTO `au_roles_resources` VALUES ('067b4c7501c411e3a15d0021ccb9e2f5', 'c51eedbb01c211e3a15d0021ccb9e2f5', 'ab3a65031f514a3ab8ec17ef38755451', '11111111111111111111111111111111', '2013-08-11 16:33:06', '11111111111111111111111111111111', '2013-08-11 16:34:45', '0');
INSERT INTO `au_roles_resources` VALUES ('067b4ce401c411e3a15d0021ccb9e2f5', 'c528478101c211e3a15d0021ccb9e2f5', 'ab3a65031f514a3ab8ec17ef38755451', '11111111111111111111111111111111', '2013-08-11 16:33:06', '11111111111111111111111111111111', '2013-08-11 16:34:45', '0');
INSERT INTO `au_roles_resources` VALUES ('067b4d5701c411e3a15d0021ccb9e2f5', 'c536df4701c211e3a15d0021ccb9e2f5', 'ab3a65031f514a3ab8ec17ef38755451', '11111111111111111111111111111111', '2013-08-11 16:33:06', '11111111111111111111111111111111', '2013-08-11 16:34:45', '0');
INSERT INTO `au_roles_resources` VALUES ('067b4dc601c411e3a15d0021ccb9e2f5', 'c546911901c211e3a15d0021ccb9e2f5', 'ab3a65031f514a3ab8ec17ef38755451', '11111111111111111111111111111111', '2013-08-11 16:33:06', '11111111111111111111111111111111', '2013-08-11 16:34:45', '0');
INSERT INTO `au_roles_resources` VALUES ('067b4e6b01c411e3a15d0021ccb9e2f5', 'c550a3b001c211e3a15d0021ccb9e2f5', 'ab3a65031f514a3ab8ec17ef38755451', '11111111111111111111111111111111', '2013-08-11 16:33:06', '11111111111111111111111111111111', '2013-08-11 16:34:45', '0');
INSERT INTO `au_roles_resources` VALUES ('067b50a601c411e3a15d0021ccb9e2f5', 'c558c85b01c211e3a15d0021ccb9e2f5', 'ab3a65031f514a3ab8ec17ef38755451', '11111111111111111111111111111111', '2013-08-11 16:33:06', '11111111111111111111111111111111', '2013-08-11 16:34:45', '0');
INSERT INTO `au_roles_resources` VALUES ('067b519001c411e3a15d0021ccb9e2f5', 'c561a3ac01c211e3a15d0021ccb9e2f5', 'ab3a65031f514a3ab8ec17ef38755451', '11111111111111111111111111111111', '2013-08-11 16:33:06', '11111111111111111111111111111111', '2013-08-11 16:34:45', '0');
INSERT INTO `au_roles_resources` VALUES ('067b521c01c411e3a15d0021ccb9e2f5', 'c56ad3ef01c211e3a15d0021ccb9e2f5', 'ab3a65031f514a3ab8ec17ef38755451', '11111111111111111111111111111111', '2013-08-11 16:33:06', '11111111111111111111111111111111', '2013-08-11 16:34:45', '0');
INSERT INTO `au_roles_resources` VALUES ('067b529f01c411e3a15d0021ccb9e2f5', 'c573995c01c211e3a15d0021ccb9e2f5', 'ab3a65031f514a3ab8ec17ef38755451', '11111111111111111111111111111111', '2013-08-11 16:33:06', '11111111111111111111111111111111', '2013-08-11 16:34:45', '0');
INSERT INTO `au_roles_resources` VALUES ('067b531b01c411e3a15d0021ccb9e2f5', 'c57f1d0f01c211e3a15d0021ccb9e2f5', 'ab3a65031f514a3ab8ec17ef38755451', '11111111111111111111111111111111', '2013-08-11 16:33:06', '11111111111111111111111111111111', '2013-08-11 16:34:45', '0');
INSERT INTO `au_roles_resources` VALUES ('067b538e01c411e3a15d0021ccb9e2f5', 'c58f34eb01c211e3a15d0021ccb9e2f5', 'ab3a65031f514a3ab8ec17ef38755451', '11111111111111111111111111111111', '2013-08-11 16:33:06', '11111111111111111111111111111111', '2013-08-11 16:34:45', '0');
INSERT INTO `au_roles_resources` VALUES ('067b540101c411e3a15d0021ccb9e2f5', 'c597238201c211e3a15d0021ccb9e2f5', 'ab3a65031f514a3ab8ec17ef38755451', '11111111111111111111111111111111', '2013-08-11 16:33:06', '11111111111111111111111111111111', '2013-08-11 16:34:45', '0');
INSERT INTO `au_roles_resources` VALUES ('067b547801c411e3a15d0021ccb9e2f5', 'c5a0134201c211e3a15d0021ccb9e2f5', 'ab3a65031f514a3ab8ec17ef38755451', '11111111111111111111111111111111', '2013-08-11 16:33:06', '11111111111111111111111111111111', '2013-08-11 16:34:45', '0');
INSERT INTO `au_roles_resources` VALUES ('067b551001c411e3a15d0021ccb9e2f5', 'c5ab8fd901c211e3a15d0021ccb9e2f5', 'ab3a65031f514a3ab8ec17ef38755451', '11111111111111111111111111111111', '2013-08-11 16:33:06', '11111111111111111111111111111111', '2013-08-11 16:34:45', '0');
INSERT INTO `au_roles_resources` VALUES ('067b55c901c411e3a15d0021ccb9e2f5', 'c5fa3f0101c211e3a15d0021ccb9e2f5', 'ab3a65031f514a3ab8ec17ef38755451', '11111111111111111111111111111111', '2013-08-11 16:33:06', '11111111111111111111111111111111', '2013-08-11 16:34:45', '0');
INSERT INTO `au_roles_resources` VALUES ('067b564001c411e3a15d0021ccb9e2f5', 'c6037b7b01c211e3a15d0021ccb9e2f5', 'ab3a65031f514a3ab8ec17ef38755451', '11111111111111111111111111111111', '2013-08-11 16:33:06', '11111111111111111111111111111111', '2013-08-11 16:34:45', '0');
INSERT INTO `au_roles_resources` VALUES ('067b56b301c411e3a15d0021ccb9e2f5', 'c60c51a201c211e3a15d0021ccb9e2f5', 'ab3a65031f514a3ab8ec17ef38755451', '11111111111111111111111111111111', '2013-08-11 16:33:06', '11111111111111111111111111111111', '2013-08-11 16:34:45', '0');
INSERT INTO `au_roles_resources` VALUES ('067b572601c411e3a15d0021ccb9e2f5', 'c614fd7801c211e3a15d0021ccb9e2f5', 'ab3a65031f514a3ab8ec17ef38755451', '11111111111111111111111111111111', '2013-08-11 16:33:06', '11111111111111111111111111111111', '2013-08-11 16:34:45', '0');
INSERT INTO `au_roles_resources` VALUES ('067b57df01c411e3a15d0021ccb9e2f5', 'c697d3d401c211e3a15d0021ccb9e2f5', 'ab3a65031f514a3ab8ec17ef38755451', '11111111111111111111111111111111', '2013-08-11 16:33:06', '11111111111111111111111111111111', '2013-08-11 16:34:45', '0');
INSERT INTO `au_roles_resources` VALUES ('067b585201c411e3a15d0021ccb9e2f5', 'c6a61e5501c211e3a15d0021ccb9e2f5', 'ab3a65031f514a3ab8ec17ef38755451', '11111111111111111111111111111111', '2013-08-11 16:33:06', '11111111111111111111111111111111', '2013-08-11 16:34:45', '0');
INSERT INTO `au_roles_resources` VALUES ('067b58c901c411e3a15d0021ccb9e2f5', 'c6bd245a01c211e3a15d0021ccb9e2f5', 'ab3a65031f514a3ab8ec17ef38755451', '11111111111111111111111111111111', '2013-08-11 16:33:06', '11111111111111111111111111111111', '2013-08-11 16:34:45', '0');
INSERT INTO `au_roles_resources` VALUES ('067b594001c411e3a15d0021ccb9e2f5', 'c6c74abc01c211e3a15d0021ccb9e2f5', 'ab3a65031f514a3ab8ec17ef38755451', '11111111111111111111111111111111', '2013-08-11 16:33:06', '11111111111111111111111111111111', '2013-08-11 16:34:45', '0');
INSERT INTO `au_roles_resources` VALUES ('067b59af01c411e3a15d0021ccb9e2f5', 'c6d1717101c211e3a15d0021ccb9e2f5', 'ab3a65031f514a3ab8ec17ef38755451', '11111111111111111111111111111111', '2013-08-11 16:33:06', '11111111111111111111111111111111', '2013-08-11 16:34:45', '0');
INSERT INTO `au_roles_resources` VALUES ('067b5a2601c411e3a15d0021ccb9e2f5', 'c6dc53e701c211e3a15d0021ccb9e2f5', 'ab3a65031f514a3ab8ec17ef38755451', '11111111111111111111111111111111', '2013-08-11 16:33:06', '11111111111111111111111111111111', '2013-08-11 16:34:45', '0');
INSERT INTO `au_roles_resources` VALUES ('067b5a9a01c411e3a15d0021ccb9e2f5', 'c6e63a4e01c211e3a15d0021ccb9e2f5', 'ab3a65031f514a3ab8ec17ef38755451', '11111111111111111111111111111111', '2013-08-11 16:33:06', '11111111111111111111111111111111', '2013-08-11 16:34:45', '0');
INSERT INTO `au_roles_resources` VALUES ('067b5b1101c411e3a15d0021ccb9e2f5', 'c702334501c211e3a15d0021ccb9e2f5', 'ab3a65031f514a3ab8ec17ef38755451', '11111111111111111111111111111111', '2013-08-11 16:33:06', '11111111111111111111111111111111', '2013-08-11 16:34:45', '0');
INSERT INTO `au_roles_resources` VALUES ('1434175401c411e3a15d0021ccb9e2f5', 'c5bd2b7801c211e3a15d0021ccb9e2f5', 'b3362870038f48bb9a95e9dfbc081eab', '11111111111111111111111111111111', '2013-08-11 16:33:06', '11111111111111111111111111111111', '2013-08-11 16:34:45', '0');
INSERT INTO `au_roles_resources` VALUES ('1438f80101c411e3a15d0021ccb9e2f5', 'c5c6b8cc01c211e3a15d0021ccb9e2f5', 'b3362870038f48bb9a95e9dfbc081eab', '11111111111111111111111111111111', '2013-08-11 16:33:06', '11111111111111111111111111111111', '2013-08-11 16:34:45', '0');
INSERT INTO `au_roles_resources` VALUES ('1438f96b01c411e3a15d0021ccb9e2f5', 'c5d22cb401c211e3a15d0021ccb9e2f5', 'b3362870038f48bb9a95e9dfbc081eab', '11111111111111111111111111111111', '2013-08-11 16:33:06', '11111111111111111111111111111111', '2013-08-11 16:34:45', '0');
INSERT INTO `au_roles_resources` VALUES ('1438f9f601c411e3a15d0021ccb9e2f5', 'c5da53cb01c211e3a15d0021ccb9e2f5', 'b3362870038f48bb9a95e9dfbc081eab', '11111111111111111111111111111111', '2013-08-11 16:33:06', '11111111111111111111111111111111', '2013-08-11 16:34:45', '0');
INSERT INTO `au_roles_resources` VALUES ('1438fa6e01c411e3a15d0021ccb9e2f5', 'c5e3e41401c211e3a15d0021ccb9e2f5', 'b3362870038f48bb9a95e9dfbc081eab', '11111111111111111111111111111111', '2013-08-11 16:33:06', '11111111111111111111111111111111', '2013-08-11 16:34:45', '0');
INSERT INTO `au_roles_resources` VALUES ('1438fb0a01c411e3a15d0021ccb9e2f5', 'c5ec89ac01c211e3a15d0021ccb9e2f5', 'b3362870038f48bb9a95e9dfbc081eab', '11111111111111111111111111111111', '2013-08-11 16:33:06', '11111111111111111111111111111111', '2013-08-11 16:34:45', '0');
INSERT INTO `au_roles_resources` VALUES ('16303a36a0f540b08384180423e09506', 'c4e67c9301c211e3a15d0021ccb9e2f5', 'a5f8849d891941e19a4a59104f8b35b3', '11111111111111111111111111111111', '2013-08-11 16:41:03', '11111111111111111111111111111111', '2013-08-11 16:41:03', '0');
INSERT INTO `au_roles_resources` VALUES ('bfcd916a01c311e3a15d0021ccb9e2f5', 'c41d5c5501c211e3a15d0021ccb9e2f5', 'cea7a65df96e457ca074515f794da7a2', '11111111111111111111111111111111', '2013-08-11 16:33:06', '11111111111111111111111111111111', '2013-08-11 16:34:45', '0');
INSERT INTO `au_roles_resources` VALUES ('bfd2fd1501c311e3a15d0021ccb9e2f5', 'c4346e7901c211e3a15d0021ccb9e2f5', 'cea7a65df96e457ca074515f794da7a2', '11111111111111111111111111111111', '2013-08-11 16:33:06', '11111111111111111111111111111111', '2013-08-11 16:34:45', '0');
INSERT INTO `au_roles_resources` VALUES ('bfd2fe3901c311e3a15d0021ccb9e2f5', 'c43cacb901c211e3a15d0021ccb9e2f5', 'cea7a65df96e457ca074515f794da7a2', '11111111111111111111111111111111', '2013-08-11 16:33:06', '11111111111111111111111111111111', '2013-08-11 16:34:45', '0');
INSERT INTO `au_roles_resources` VALUES ('bfd2feac01c311e3a15d0021ccb9e2f5', 'c44da15301c211e3a15d0021ccb9e2f5', 'cea7a65df96e457ca074515f794da7a2', '11111111111111111111111111111111', '2013-08-11 16:33:06', '11111111111111111111111111111111', '2013-08-11 16:34:45', '0');
INSERT INTO `au_roles_resources` VALUES ('bfd2ff1b01c311e3a15d0021ccb9e2f5', 'c459e21101c211e3a15d0021ccb9e2f5', 'cea7a65df96e457ca074515f794da7a2', '11111111111111111111111111111111', '2013-08-11 16:33:06', '11111111111111111111111111111111', '2013-08-11 16:34:45', '0');
INSERT INTO `au_roles_resources` VALUES ('bfd2ff8a01c311e3a15d0021ccb9e2f5', 'c4627ea801c211e3a15d0021ccb9e2f5', 'cea7a65df96e457ca074515f794da7a2', '11111111111111111111111111111111', '2013-08-11 16:33:06', '11111111111111111111111111111111', '2013-08-11 16:34:45', '0');
INSERT INTO `au_roles_resources` VALUES ('bfd2fff901c311e3a15d0021ccb9e2f5', 'c47285e301c211e3a15d0021ccb9e2f5', 'cea7a65df96e457ca074515f794da7a2', '11111111111111111111111111111111', '2013-08-11 16:33:06', '11111111111111111111111111111111', '2013-08-11 16:34:45', '0');
INSERT INTO `au_roles_resources` VALUES ('bfd3005f01c311e3a15d0021ccb9e2f5', 'c47ea17701c211e3a15d0021ccb9e2f5', 'cea7a65df96e457ca074515f794da7a2', '11111111111111111111111111111111', '2013-08-11 16:33:06', '11111111111111111111111111111111', '2013-08-11 16:34:45', '0');
INSERT INTO `au_roles_resources` VALUES ('bfd300ce01c311e3a15d0021ccb9e2f5', 'c489dd9801c211e3a15d0021ccb9e2f5', 'cea7a65df96e457ca074515f794da7a2', '11111111111111111111111111111111', '2013-08-11 16:33:06', '11111111111111111111111111111111', '2013-08-11 16:34:45', '0');
INSERT INTO `au_roles_resources` VALUES ('bfd3015a01c311e3a15d0021ccb9e2f5', 'c497717e01c211e3a15d0021ccb9e2f5', 'cea7a65df96e457ca074515f794da7a2', '11111111111111111111111111111111', '2013-08-11 16:33:06', '11111111111111111111111111111111', '2013-08-11 16:34:45', '0');
INSERT INTO `au_roles_resources` VALUES ('bfd301c101c311e3a15d0021ccb9e2f5', 'c4a1dba901c211e3a15d0021ccb9e2f5', 'cea7a65df96e457ca074515f794da7a2', '11111111111111111111111111111111', '2013-08-11 16:33:06', '11111111111111111111111111111111', '2013-08-11 16:34:45', '0');
INSERT INTO `au_roles_resources` VALUES ('bfd3022701c311e3a15d0021ccb9e2f5', 'c4aab92101c211e3a15d0021ccb9e2f5', 'cea7a65df96e457ca074515f794da7a2', '11111111111111111111111111111111', '2013-08-11 16:33:06', '11111111111111111111111111111111', '2013-08-11 16:34:45', '0');
INSERT INTO `au_roles_resources` VALUES ('bfd3029601c311e3a15d0021ccb9e2f5', 'c4b5093301c211e3a15d0021ccb9e2f5', 'cea7a65df96e457ca074515f794da7a2', '11111111111111111111111111111111', '2013-08-11 16:33:06', '11111111111111111111111111111111', '2013-08-11 16:34:45', '0');
INSERT INTO `au_roles_resources` VALUES ('bfd3030101c311e3a15d0021ccb9e2f5', 'c4c06b9001c211e3a15d0021ccb9e2f5', 'cea7a65df96e457ca074515f794da7a2', '11111111111111111111111111111111', '2013-08-11 16:33:06', '11111111111111111111111111111111', '2013-08-11 16:34:45', '0');
INSERT INTO `au_roles_resources` VALUES ('bfd3036401c311e3a15d0021ccb9e2f5', 'c4cba64a01c211e3a15d0021ccb9e2f5', 'cea7a65df96e457ca074515f794da7a2', '11111111111111111111111111111111', '2013-08-11 16:33:06', '11111111111111111111111111111111', '2013-08-11 16:34:45', '0');
INSERT INTO `au_roles_resources` VALUES ('bfd303cf01c311e3a15d0021ccb9e2f5', 'c4d4882801c211e3a15d0021ccb9e2f5', 'cea7a65df96e457ca074515f794da7a2', '11111111111111111111111111111111', '2013-08-11 16:33:06', '11111111111111111111111111111111', '2013-08-11 16:34:45', '0');
INSERT INTO `au_roles_resources` VALUES ('bfd3043501c311e3a15d0021ccb9e2f5', 'c4dd4ae601c211e3a15d0021ccb9e2f5', 'cea7a65df96e457ca074515f794da7a2', '11111111111111111111111111111111', '2013-08-11 16:33:06', '11111111111111111111111111111111', '2013-08-11 16:34:45', '0');
INSERT INTO `au_roles_resources` VALUES ('bfd304a401c311e3a15d0021ccb9e2f5', 'c4e67c9301c211e3a15d0021ccb9e2f5', 'cea7a65df96e457ca074515f794da7a2', '11111111111111111111111111111111', '2013-08-11 16:33:06', '11111111111111111111111111111111', '2013-08-11 16:34:45', '0');
INSERT INTO `au_roles_resources` VALUES ('bfd3050b01c311e3a15d0021ccb9e2f5', 'c4f22d0b01c211e3a15d0021ccb9e2f5', 'cea7a65df96e457ca074515f794da7a2', '11111111111111111111111111111111', '2013-08-11 16:33:06', '11111111111111111111111111111111', '2013-08-11 16:34:45', '0');
INSERT INTO `au_roles_resources` VALUES ('bfd3061e01c311e3a15d0021ccb9e2f5', 'c4fd19a601c211e3a15d0021ccb9e2f5', 'cea7a65df96e457ca074515f794da7a2', '11111111111111111111111111111111', '2013-08-11 16:33:06', '11111111111111111111111111111111', '2013-08-11 16:34:45', '0');
INSERT INTO `au_roles_resources` VALUES ('bfd3068d01c311e3a15d0021ccb9e2f5', 'c51510ee01c211e3a15d0021ccb9e2f5', 'cea7a65df96e457ca074515f794da7a2', '11111111111111111111111111111111', '2013-08-11 16:33:06', '11111111111111111111111111111111', '2013-08-11 16:34:45', '0');
INSERT INTO `au_roles_resources` VALUES ('bfd306f401c311e3a15d0021ccb9e2f5', 'c51eedbb01c211e3a15d0021ccb9e2f5', 'cea7a65df96e457ca074515f794da7a2', '11111111111111111111111111111111', '2013-08-11 16:33:06', '11111111111111111111111111111111', '2013-08-11 16:34:45', '0');
INSERT INTO `au_roles_resources` VALUES ('bfd3075b01c311e3a15d0021ccb9e2f5', 'c528478101c211e3a15d0021ccb9e2f5', 'cea7a65df96e457ca074515f794da7a2', '11111111111111111111111111111111', '2013-08-11 16:33:06', '11111111111111111111111111111111', '2013-08-11 16:34:45', '0');
INSERT INTO `au_roles_resources` VALUES ('bfd307c201c311e3a15d0021ccb9e2f5', 'c536df4701c211e3a15d0021ccb9e2f5', 'cea7a65df96e457ca074515f794da7a2', '11111111111111111111111111111111', '2013-08-11 16:33:06', '11111111111111111111111111111111', '2013-08-11 16:34:45', '0');
INSERT INTO `au_roles_resources` VALUES ('bfd3082801c311e3a15d0021ccb9e2f5', 'c546911901c211e3a15d0021ccb9e2f5', 'cea7a65df96e457ca074515f794da7a2', '11111111111111111111111111111111', '2013-08-11 16:33:06', '11111111111111111111111111111111', '2013-08-11 16:34:45', '0');
INSERT INTO `au_roles_resources` VALUES ('bfd3088f01c311e3a15d0021ccb9e2f5', 'c550a3b001c211e3a15d0021ccb9e2f5', 'cea7a65df96e457ca074515f794da7a2', '11111111111111111111111111111111', '2013-08-11 16:33:06', '11111111111111111111111111111111', '2013-08-11 16:34:45', '0');
INSERT INTO `au_roles_resources` VALUES ('bfd308f201c311e3a15d0021ccb9e2f5', 'c558c85b01c211e3a15d0021ccb9e2f5', 'cea7a65df96e457ca074515f794da7a2', '11111111111111111111111111111111', '2013-08-11 16:33:06', '11111111111111111111111111111111', '2013-08-11 16:34:45', '0');
INSERT INTO `au_roles_resources` VALUES ('bfd3095401c311e3a15d0021ccb9e2f5', 'c561a3ac01c211e3a15d0021ccb9e2f5', 'cea7a65df96e457ca074515f794da7a2', '11111111111111111111111111111111', '2013-08-11 16:33:06', '11111111111111111111111111111111', '2013-08-11 16:34:45', '0');
INSERT INTO `au_roles_resources` VALUES ('bfd309bb01c311e3a15d0021ccb9e2f5', 'c56ad3ef01c211e3a15d0021ccb9e2f5', 'cea7a65df96e457ca074515f794da7a2', '11111111111111111111111111111111', '2013-08-11 16:33:06', '11111111111111111111111111111111', '2013-08-11 16:34:45', '0');
INSERT INTO `au_roles_resources` VALUES ('bfd30a2201c311e3a15d0021ccb9e2f5', 'c573995c01c211e3a15d0021ccb9e2f5', 'cea7a65df96e457ca074515f794da7a2', '11111111111111111111111111111111', '2013-08-11 16:33:06', '11111111111111111111111111111111', '2013-08-11 16:34:45', '0');
INSERT INTO `au_roles_resources` VALUES ('bfd30a9901c311e3a15d0021ccb9e2f5', 'c57f1d0f01c211e3a15d0021ccb9e2f5', 'cea7a65df96e457ca074515f794da7a2', '11111111111111111111111111111111', '2013-08-11 16:33:06', '11111111111111111111111111111111', '2013-08-11 16:34:45', '0');
INSERT INTO `au_roles_resources` VALUES ('bfd30afc01c311e3a15d0021ccb9e2f5', 'c58f34eb01c211e3a15d0021ccb9e2f5', 'cea7a65df96e457ca074515f794da7a2', '11111111111111111111111111111111', '2013-08-11 16:33:06', '11111111111111111111111111111111', '2013-08-11 16:34:45', '0');
INSERT INTO `au_roles_resources` VALUES ('bfd30b6201c311e3a15d0021ccb9e2f5', 'c597238201c211e3a15d0021ccb9e2f5', 'cea7a65df96e457ca074515f794da7a2', '11111111111111111111111111111111', '2013-08-11 16:33:06', '11111111111111111111111111111111', '2013-08-11 16:34:45', '0');
INSERT INTO `au_roles_resources` VALUES ('bfd30bc901c311e3a15d0021ccb9e2f5', 'c5a0134201c211e3a15d0021ccb9e2f5', 'cea7a65df96e457ca074515f794da7a2', '11111111111111111111111111111111', '2013-08-11 16:33:06', '11111111111111111111111111111111', '2013-08-11 16:34:45', '0');
INSERT INTO `au_roles_resources` VALUES ('bfd30c2c01c311e3a15d0021ccb9e2f5', 'c5ab8fd901c211e3a15d0021ccb9e2f5', 'cea7a65df96e457ca074515f794da7a2', '11111111111111111111111111111111', '2013-08-11 16:33:06', '11111111111111111111111111111111', '2013-08-11 16:34:45', '0');
INSERT INTO `au_roles_resources` VALUES ('bfd30c8e01c311e3a15d0021ccb9e2f5', 'c5bd2b7801c211e3a15d0021ccb9e2f5', 'cea7a65df96e457ca074515f794da7a2', '11111111111111111111111111111111', '2013-08-11 16:33:06', '11111111111111111111111111111111', '2013-08-11 16:34:45', '0');
INSERT INTO `au_roles_resources` VALUES ('bfd30cf901c311e3a15d0021ccb9e2f5', 'c5c6b8cc01c211e3a15d0021ccb9e2f5', 'cea7a65df96e457ca074515f794da7a2', '11111111111111111111111111111111', '2013-08-11 16:33:06', '11111111111111111111111111111111', '2013-08-11 16:34:45', '0');
INSERT INTO `au_roles_resources` VALUES ('bfd30d5801c311e3a15d0021ccb9e2f5', 'c5d22cb401c211e3a15d0021ccb9e2f5', 'cea7a65df96e457ca074515f794da7a2', '11111111111111111111111111111111', '2013-08-11 16:33:06', '11111111111111111111111111111111', '2013-08-11 16:34:45', '0');
INSERT INTO `au_roles_resources` VALUES ('bfd30dbe01c311e3a15d0021ccb9e2f5', 'c5da53cb01c211e3a15d0021ccb9e2f5', 'cea7a65df96e457ca074515f794da7a2', '11111111111111111111111111111111', '2013-08-11 16:33:06', '11111111111111111111111111111111', '2013-08-11 16:34:45', '0');
INSERT INTO `au_roles_resources` VALUES ('bfd30ec501c311e3a15d0021ccb9e2f5', 'c5e3e41401c211e3a15d0021ccb9e2f5', 'cea7a65df96e457ca074515f794da7a2', '11111111111111111111111111111111', '2013-08-11 16:33:06', '11111111111111111111111111111111', '2013-08-11 16:34:45', '0');
INSERT INTO `au_roles_resources` VALUES ('bfd30f3001c311e3a15d0021ccb9e2f5', 'c5ec89ac01c211e3a15d0021ccb9e2f5', 'cea7a65df96e457ca074515f794da7a2', '11111111111111111111111111111111', '2013-08-11 16:33:06', '11111111111111111111111111111111', '2013-08-11 16:34:45', '0');
INSERT INTO `au_roles_resources` VALUES ('bfd30f9301c311e3a15d0021ccb9e2f5', 'c5fa3f0101c211e3a15d0021ccb9e2f5', 'cea7a65df96e457ca074515f794da7a2', '11111111111111111111111111111111', '2013-08-11 16:33:06', '11111111111111111111111111111111', '2013-08-11 16:34:45', '0');
INSERT INTO `au_roles_resources` VALUES ('bfd30ff501c311e3a15d0021ccb9e2f5', 'c6037b7b01c211e3a15d0021ccb9e2f5', 'cea7a65df96e457ca074515f794da7a2', '11111111111111111111111111111111', '2013-08-11 16:33:06', '11111111111111111111111111111111', '2013-08-11 16:34:45', '0');
INSERT INTO `au_roles_resources` VALUES ('bfd3105801c311e3a15d0021ccb9e2f5', 'c60c51a201c211e3a15d0021ccb9e2f5', 'cea7a65df96e457ca074515f794da7a2', '11111111111111111111111111111111', '2013-08-11 16:33:06', '11111111111111111111111111111111', '2013-08-11 16:34:45', '0');
INSERT INTO `au_roles_resources` VALUES ('bfd310c301c311e3a15d0021ccb9e2f5', 'c614fd7801c211e3a15d0021ccb9e2f5', 'cea7a65df96e457ca074515f794da7a2', '11111111111111111111111111111111', '2013-08-11 16:33:06', '11111111111111111111111111111111', '2013-08-11 16:34:45', '0');
INSERT INTO `au_roles_resources` VALUES ('bfd3112601c311e3a15d0021ccb9e2f5', 'c61e01b401c211e3a15d0021ccb9e2f5', 'cea7a65df96e457ca074515f794da7a2', '11111111111111111111111111111111', '2013-08-11 16:33:06', '11111111111111111111111111111111', '2013-08-11 16:34:45', '0');
INSERT INTO `au_roles_resources` VALUES ('bfd3118801c311e3a15d0021ccb9e2f5', 'c629eff001c211e3a15d0021ccb9e2f5', 'cea7a65df96e457ca074515f794da7a2', '11111111111111111111111111111111', '2013-08-11 16:33:06', '11111111111111111111111111111111', '2013-08-11 16:34:45', '0');
INSERT INTO `au_roles_resources` VALUES ('bfd311ef01c311e3a15d0021ccb9e2f5', 'c643a79201c211e3a15d0021ccb9e2f5', 'cea7a65df96e457ca074515f794da7a2', '11111111111111111111111111111111', '2013-08-11 16:33:06', '11111111111111111111111111111111', '2013-08-11 16:34:45', '0');
INSERT INTO `au_roles_resources` VALUES ('bfd3125101c311e3a15d0021ccb9e2f5', 'c64d316301c211e3a15d0021ccb9e2f5', 'cea7a65df96e457ca074515f794da7a2', '11111111111111111111111111111111', '2013-08-11 16:33:06', '11111111111111111111111111111111', '2013-08-11 16:34:45', '0');
INSERT INTO `au_roles_resources` VALUES ('bfd312b801c311e3a15d0021ccb9e2f5', 'c660504901c211e3a15d0021ccb9e2f5', 'cea7a65df96e457ca074515f794da7a2', '11111111111111111111111111111111', '2013-08-11 16:33:06', '11111111111111111111111111111111', '2013-08-11 16:34:45', '0');
INSERT INTO `au_roles_resources` VALUES ('bfd3131b01c311e3a15d0021ccb9e2f5', 'c66ef83a01c211e3a15d0021ccb9e2f5', 'cea7a65df96e457ca074515f794da7a2', '11111111111111111111111111111111', '2013-08-11 16:33:06', '11111111111111111111111111111111', '2013-08-11 16:34:45', '0');
INSERT INTO `au_roles_resources` VALUES ('bfd3139201c311e3a15d0021ccb9e2f5', 'c67afc0d01c211e3a15d0021ccb9e2f5', 'cea7a65df96e457ca074515f794da7a2', '11111111111111111111111111111111', '2013-08-11 16:33:06', '11111111111111111111111111111111', '2013-08-11 16:34:45', '0');
INSERT INTO `au_roles_resources` VALUES ('bfd313fd01c311e3a15d0021ccb9e2f5', 'c688646201c211e3a15d0021ccb9e2f5', 'cea7a65df96e457ca074515f794da7a2', '11111111111111111111111111111111', '2013-08-11 16:33:06', '11111111111111111111111111111111', '2013-08-11 16:34:45', '0');
INSERT INTO `au_roles_resources` VALUES ('bfd3145f01c311e3a15d0021ccb9e2f5', 'c697d3d401c211e3a15d0021ccb9e2f5', 'cea7a65df96e457ca074515f794da7a2', '11111111111111111111111111111111', '2013-08-11 16:33:06', '11111111111111111111111111111111', '2013-08-11 16:34:45', '0');
INSERT INTO `au_roles_resources` VALUES ('bfd314c201c311e3a15d0021ccb9e2f5', 'c6a61e5501c211e3a15d0021ccb9e2f5', 'cea7a65df96e457ca074515f794da7a2', '11111111111111111111111111111111', '2013-08-11 16:33:06', '11111111111111111111111111111111', '2013-08-11 16:34:45', '0');
INSERT INTO `au_roles_resources` VALUES ('bfd3152501c311e3a15d0021ccb9e2f5', 'c6bd245a01c211e3a15d0021ccb9e2f5', 'cea7a65df96e457ca074515f794da7a2', '11111111111111111111111111111111', '2013-08-11 16:33:06', '11111111111111111111111111111111', '2013-08-11 16:34:45', '0');
INSERT INTO `au_roles_resources` VALUES ('bfd3158b01c311e3a15d0021ccb9e2f5', 'c6c74abc01c211e3a15d0021ccb9e2f5', 'cea7a65df96e457ca074515f794da7a2', '11111111111111111111111111111111', '2013-08-11 16:33:06', '11111111111111111111111111111111', '2013-08-11 16:34:45', '0');
INSERT INTO `au_roles_resources` VALUES ('bfd315ee01c311e3a15d0021ccb9e2f5', 'c6d1717101c211e3a15d0021ccb9e2f5', 'cea7a65df96e457ca074515f794da7a2', '11111111111111111111111111111111', '2013-08-11 16:33:06', '11111111111111111111111111111111', '2013-08-11 16:34:45', '0');
INSERT INTO `au_roles_resources` VALUES ('bfd3165101c311e3a15d0021ccb9e2f5', 'c6dc53e701c211e3a15d0021ccb9e2f5', 'cea7a65df96e457ca074515f794da7a2', '11111111111111111111111111111111', '2013-08-11 16:33:06', '11111111111111111111111111111111', '2013-08-11 16:34:45', '0');
INSERT INTO `au_roles_resources` VALUES ('bfd316b701c311e3a15d0021ccb9e2f5', 'c6e63a4e01c211e3a15d0021ccb9e2f5', 'cea7a65df96e457ca074515f794da7a2', '11111111111111111111111111111111', '2013-08-11 16:33:06', '11111111111111111111111111111111', '2013-08-11 16:34:45', '0');
INSERT INTO `au_roles_resources` VALUES ('bfd317f801c311e3a15d0021ccb9e2f5', 'c702334501c211e3a15d0021ccb9e2f5', 'cea7a65df96e457ca074515f794da7a2', '11111111111111111111111111111111', '2013-08-11 16:33:06', '11111111111111111111111111111111', '2013-08-11 16:34:45', '0');
INSERT INTO `au_roles_resources` VALUES ('df9a398e01c311e3a15d0021ccb9e2f5', 'c41d5c5501c211e3a15d0021ccb9e2f5', '93a5cb74e26b4ff2a1dc802fccabdc10', '11111111111111111111111111111111', '2013-08-11 16:33:06', '11111111111111111111111111111111', '2013-08-11 16:34:45', '0');
INSERT INTO `au_roles_resources` VALUES ('df9b403901c311e3a15d0021ccb9e2f5', 'c4346e7901c211e3a15d0021ccb9e2f5', '93a5cb74e26b4ff2a1dc802fccabdc10', '11111111111111111111111111111111', '2013-08-11 16:33:06', '11111111111111111111111111111111', '2013-08-11 16:34:45', '0');
INSERT INTO `au_roles_resources` VALUES ('df9b413001c311e3a15d0021ccb9e2f5', 'c43cacb901c211e3a15d0021ccb9e2f5', '93a5cb74e26b4ff2a1dc802fccabdc10', '11111111111111111111111111111111', '2013-08-11 16:33:06', '11111111111111111111111111111111', '2013-08-11 16:34:45', '0');
INSERT INTO `au_roles_resources` VALUES ('df9b41b301c311e3a15d0021ccb9e2f5', 'c44da15301c211e3a15d0021ccb9e2f5', '93a5cb74e26b4ff2a1dc802fccabdc10', '11111111111111111111111111111111', '2013-08-11 16:33:06', '11111111111111111111111111111111', '2013-08-11 16:34:45', '0');
INSERT INTO `au_roles_resources` VALUES ('df9b422b01c311e3a15d0021ccb9e2f5', 'c459e21101c211e3a15d0021ccb9e2f5', '93a5cb74e26b4ff2a1dc802fccabdc10', '11111111111111111111111111111111', '2013-08-11 16:33:06', '11111111111111111111111111111111', '2013-08-11 16:34:45', '0');
INSERT INTO `au_roles_resources` VALUES ('df9b429a01c311e3a15d0021ccb9e2f5', 'c4627ea801c211e3a15d0021ccb9e2f5', '93a5cb74e26b4ff2a1dc802fccabdc10', '11111111111111111111111111111111', '2013-08-11 16:33:06', '11111111111111111111111111111111', '2013-08-11 16:34:45', '0');
INSERT INTO `au_roles_resources` VALUES ('df9b430401c311e3a15d0021ccb9e2f5', 'c47285e301c211e3a15d0021ccb9e2f5', '93a5cb74e26b4ff2a1dc802fccabdc10', '11111111111111111111111111111111', '2013-08-11 16:33:06', '11111111111111111111111111111111', '2013-08-11 16:34:45', '0');
INSERT INTO `au_roles_resources` VALUES ('df9b437c01c311e3a15d0021ccb9e2f5', 'c47ea17701c211e3a15d0021ccb9e2f5', '93a5cb74e26b4ff2a1dc802fccabdc10', '11111111111111111111111111111111', '2013-08-11 16:33:06', '11111111111111111111111111111111', '2013-08-11 16:34:45', '0');
INSERT INTO `au_roles_resources` VALUES ('df9b43eb01c311e3a15d0021ccb9e2f5', 'c489dd9801c211e3a15d0021ccb9e2f5', '93a5cb74e26b4ff2a1dc802fccabdc10', '11111111111111111111111111111111', '2013-08-11 16:33:06', '11111111111111111111111111111111', '2013-08-11 16:34:45', '0');
INSERT INTO `au_roles_resources` VALUES ('df9b47b001c311e3a15d0021ccb9e2f5', 'c497717e01c211e3a15d0021ccb9e2f5', '93a5cb74e26b4ff2a1dc802fccabdc10', '11111111111111111111111111111111', '2013-08-11 16:33:06', '11111111111111111111111111111111', '2013-08-11 16:34:45', '0');
INSERT INTO `au_roles_resources` VALUES ('df9b48cc01c311e3a15d0021ccb9e2f5', 'c4a1dba901c211e3a15d0021ccb9e2f5', '93a5cb74e26b4ff2a1dc802fccabdc10', '11111111111111111111111111111111', '2013-08-11 16:33:06', '11111111111111111111111111111111', '2013-08-11 16:34:45', '0');
INSERT INTO `au_roles_resources` VALUES ('df9b498d01c311e3a15d0021ccb9e2f5', 'c4aab92101c211e3a15d0021ccb9e2f5', '93a5cb74e26b4ff2a1dc802fccabdc10', '11111111111111111111111111111111', '2013-08-11 16:33:06', '11111111111111111111111111111111', '2013-08-11 16:34:45', '0');
INSERT INTO `au_roles_resources` VALUES ('df9b4a6b01c311e3a15d0021ccb9e2f5', 'c4b5093301c211e3a15d0021ccb9e2f5', '93a5cb74e26b4ff2a1dc802fccabdc10', '11111111111111111111111111111111', '2013-08-11 16:33:06', '11111111111111111111111111111111', '2013-08-11 16:34:45', '0');
INSERT INTO `au_roles_resources` VALUES ('df9b4b2001c311e3a15d0021ccb9e2f5', 'c4c06b9001c211e3a15d0021ccb9e2f5', '93a5cb74e26b4ff2a1dc802fccabdc10', '11111111111111111111111111111111', '2013-08-11 16:33:06', '11111111111111111111111111111111', '2013-08-11 16:34:45', '0');
INSERT INTO `au_roles_resources` VALUES ('df9b4c0201c311e3a15d0021ccb9e2f5', 'c4cba64a01c211e3a15d0021ccb9e2f5', '93a5cb74e26b4ff2a1dc802fccabdc10', '11111111111111111111111111111111', '2013-08-11 16:33:06', '11111111111111111111111111111111', '2013-08-11 16:34:45', '0');
INSERT INTO `au_roles_resources` VALUES ('df9b4cb601c311e3a15d0021ccb9e2f5', 'c4d4882801c211e3a15d0021ccb9e2f5', '93a5cb74e26b4ff2a1dc802fccabdc10', '11111111111111111111111111111111', '2013-08-11 16:33:06', '11111111111111111111111111111111', '2013-08-11 16:34:45', '0');
INSERT INTO `au_roles_resources` VALUES ('df9b4d5f01c311e3a15d0021ccb9e2f5', 'c4dd4ae601c211e3a15d0021ccb9e2f5', '93a5cb74e26b4ff2a1dc802fccabdc10', '11111111111111111111111111111111', '2013-08-11 16:33:06', '11111111111111111111111111111111', '2013-08-11 16:34:45', '0');
INSERT INTO `au_roles_resources` VALUES ('df9b4e0701c311e3a15d0021ccb9e2f5', 'c4e67c9301c211e3a15d0021ccb9e2f5', '93a5cb74e26b4ff2a1dc802fccabdc10', '11111111111111111111111111111111', '2013-08-11 16:33:06', '11111111111111111111111111111111', '2013-08-11 16:34:45', '0');
INSERT INTO `au_roles_resources` VALUES ('df9b4eb001c311e3a15d0021ccb9e2f5', 'c4f22d0b01c211e3a15d0021ccb9e2f5', '93a5cb74e26b4ff2a1dc802fccabdc10', '11111111111111111111111111111111', '2013-08-11 16:33:06', '11111111111111111111111111111111', '2013-08-11 16:34:45', '0');
INSERT INTO `au_roles_resources` VALUES ('df9b4f6901c311e3a15d0021ccb9e2f5', 'c4fd19a601c211e3a15d0021ccb9e2f5', '93a5cb74e26b4ff2a1dc802fccabdc10', '11111111111111111111111111111111', '2013-08-11 16:33:06', '11111111111111111111111111111111', '2013-08-11 16:34:45', '0');
INSERT INTO `au_roles_resources` VALUES ('df9b502601c311e3a15d0021ccb9e2f5', 'c51510ee01c211e3a15d0021ccb9e2f5', '93a5cb74e26b4ff2a1dc802fccabdc10', '11111111111111111111111111111111', '2013-08-11 16:33:06', '11111111111111111111111111111111', '2013-08-11 16:34:45', '0');
INSERT INTO `au_roles_resources` VALUES ('df9b50df01c311e3a15d0021ccb9e2f5', 'c51eedbb01c211e3a15d0021ccb9e2f5', '93a5cb74e26b4ff2a1dc802fccabdc10', '11111111111111111111111111111111', '2013-08-11 16:33:06', '11111111111111111111111111111111', '2013-08-11 16:34:45', '0');
INSERT INTO `au_roles_resources` VALUES ('df9b547301c311e3a15d0021ccb9e2f5', 'c528478101c211e3a15d0021ccb9e2f5', '93a5cb74e26b4ff2a1dc802fccabdc10', '11111111111111111111111111111111', '2013-08-11 16:33:06', '11111111111111111111111111111111', '2013-08-11 16:34:45', '0');
INSERT INTO `au_roles_resources` VALUES ('df9b55c401c311e3a15d0021ccb9e2f5', 'c536df4701c211e3a15d0021ccb9e2f5', '93a5cb74e26b4ff2a1dc802fccabdc10', '11111111111111111111111111111111', '2013-08-11 16:33:06', '11111111111111111111111111111111', '2013-08-11 16:34:45', '0');
INSERT INTO `au_roles_resources` VALUES ('df9b571501c311e3a15d0021ccb9e2f5', 'c546911901c211e3a15d0021ccb9e2f5', '93a5cb74e26b4ff2a1dc802fccabdc10', '11111111111111111111111111111111', '2013-08-11 16:33:06', '11111111111111111111111111111111', '2013-08-11 16:34:45', '0');
INSERT INTO `au_roles_resources` VALUES ('df9b57ca01c311e3a15d0021ccb9e2f5', 'c550a3b001c211e3a15d0021ccb9e2f5', '93a5cb74e26b4ff2a1dc802fccabdc10', '11111111111111111111111111111111', '2013-08-11 16:33:06', '11111111111111111111111111111111', '2013-08-11 16:34:45', '0');
INSERT INTO `au_roles_resources` VALUES ('df9b587a01c311e3a15d0021ccb9e2f5', 'c558c85b01c211e3a15d0021ccb9e2f5', '93a5cb74e26b4ff2a1dc802fccabdc10', '11111111111111111111111111111111', '2013-08-11 16:33:06', '11111111111111111111111111111111', '2013-08-11 16:34:45', '0');
INSERT INTO `au_roles_resources` VALUES ('df9b593701c311e3a15d0021ccb9e2f5', 'c561a3ac01c211e3a15d0021ccb9e2f5', '93a5cb74e26b4ff2a1dc802fccabdc10', '11111111111111111111111111111111', '2013-08-11 16:33:06', '11111111111111111111111111111111', '2013-08-11 16:34:45', '0');
INSERT INTO `au_roles_resources` VALUES ('df9b5a0101c311e3a15d0021ccb9e2f5', 'c56ad3ef01c211e3a15d0021ccb9e2f5', '93a5cb74e26b4ff2a1dc802fccabdc10', '11111111111111111111111111111111', '2013-08-11 16:33:06', '11111111111111111111111111111111', '2013-08-11 16:34:45', '0');
INSERT INTO `au_roles_resources` VALUES ('df9b5ab601c311e3a15d0021ccb9e2f5', 'c573995c01c211e3a15d0021ccb9e2f5', '93a5cb74e26b4ff2a1dc802fccabdc10', '11111111111111111111111111111111', '2013-08-11 16:33:06', '11111111111111111111111111111111', '2013-08-11 16:34:45', '0');
INSERT INTO `au_roles_resources` VALUES ('df9b5b7f01c311e3a15d0021ccb9e2f5', 'c57f1d0f01c211e3a15d0021ccb9e2f5', '93a5cb74e26b4ff2a1dc802fccabdc10', '11111111111111111111111111111111', '2013-08-11 16:33:06', '11111111111111111111111111111111', '2013-08-11 16:34:45', '0');
INSERT INTO `au_roles_resources` VALUES ('df9b5c4401c311e3a15d0021ccb9e2f5', 'c58f34eb01c211e3a15d0021ccb9e2f5', '93a5cb74e26b4ff2a1dc802fccabdc10', '11111111111111111111111111111111', '2013-08-11 16:33:06', '11111111111111111111111111111111', '2013-08-11 16:34:45', '0');
INSERT INTO `au_roles_resources` VALUES ('df9b5d0101c311e3a15d0021ccb9e2f5', 'c597238201c211e3a15d0021ccb9e2f5', '93a5cb74e26b4ff2a1dc802fccabdc10', '11111111111111111111111111111111', '2013-08-11 16:33:06', '11111111111111111111111111111111', '2013-08-11 16:34:45', '0');
INSERT INTO `au_roles_resources` VALUES ('df9b5e2501c311e3a15d0021ccb9e2f5', 'c5a0134201c211e3a15d0021ccb9e2f5', '93a5cb74e26b4ff2a1dc802fccabdc10', '11111111111111111111111111111111', '2013-08-11 16:33:06', '11111111111111111111111111111111', '2013-08-11 16:34:45', '0');
INSERT INTO `au_roles_resources` VALUES ('df9b5eff01c311e3a15d0021ccb9e2f5', 'c5ab8fd901c211e3a15d0021ccb9e2f5', '93a5cb74e26b4ff2a1dc802fccabdc10', '11111111111111111111111111111111', '2013-08-11 16:33:06', '11111111111111111111111111111111', '2013-08-11 16:34:45', '0');
INSERT INTO `au_roles_resources` VALUES ('df9b5fe901c311e3a15d0021ccb9e2f5', 'c5bd2b7801c211e3a15d0021ccb9e2f5', '93a5cb74e26b4ff2a1dc802fccabdc10', '11111111111111111111111111111111', '2013-08-11 16:33:06', '11111111111111111111111111111111', '2013-08-11 16:34:45', '0');
INSERT INTO `au_roles_resources` VALUES ('df9b60b601c311e3a15d0021ccb9e2f5', 'c5c6b8cc01c211e3a15d0021ccb9e2f5', '93a5cb74e26b4ff2a1dc802fccabdc10', '11111111111111111111111111111111', '2013-08-11 16:33:06', '11111111111111111111111111111111', '2013-08-11 16:34:45', '0');
INSERT INTO `au_roles_resources` VALUES ('df9b617301c311e3a15d0021ccb9e2f5', 'c5d22cb401c211e3a15d0021ccb9e2f5', '93a5cb74e26b4ff2a1dc802fccabdc10', '11111111111111111111111111111111', '2013-08-11 16:33:06', '11111111111111111111111111111111', '2013-08-11 16:34:45', '0');
INSERT INTO `au_roles_resources` VALUES ('df9b624501c311e3a15d0021ccb9e2f5', 'c5da53cb01c211e3a15d0021ccb9e2f5', '93a5cb74e26b4ff2a1dc802fccabdc10', '11111111111111111111111111111111', '2013-08-11 16:33:06', '11111111111111111111111111111111', '2013-08-11 16:34:45', '0');
INSERT INTO `au_roles_resources` VALUES ('df9b632b01c311e3a15d0021ccb9e2f5', 'c5e3e41401c211e3a15d0021ccb9e2f5', '93a5cb74e26b4ff2a1dc802fccabdc10', '11111111111111111111111111111111', '2013-08-11 16:33:06', '11111111111111111111111111111111', '2013-08-11 16:34:45', '0');
INSERT INTO `au_roles_resources` VALUES ('df9b63ec01c311e3a15d0021ccb9e2f5', 'c5ec89ac01c211e3a15d0021ccb9e2f5', '93a5cb74e26b4ff2a1dc802fccabdc10', '11111111111111111111111111111111', '2013-08-11 16:33:06', '11111111111111111111111111111111', '2013-08-11 16:34:45', '0');
INSERT INTO `au_roles_resources` VALUES ('df9b64b601c311e3a15d0021ccb9e2f5', 'c5fa3f0101c211e3a15d0021ccb9e2f5', '93a5cb74e26b4ff2a1dc802fccabdc10', '11111111111111111111111111111111', '2013-08-11 16:33:06', '11111111111111111111111111111111', '2013-08-11 16:34:45', '0');
INSERT INTO `au_roles_resources` VALUES ('df9b657701c311e3a15d0021ccb9e2f5', 'c6037b7b01c211e3a15d0021ccb9e2f5', '93a5cb74e26b4ff2a1dc802fccabdc10', '11111111111111111111111111111111', '2013-08-11 16:33:06', '11111111111111111111111111111111', '2013-08-11 16:34:45', '0');
INSERT INTO `au_roles_resources` VALUES ('df9b664801c311e3a15d0021ccb9e2f5', 'c60c51a201c211e3a15d0021ccb9e2f5', '93a5cb74e26b4ff2a1dc802fccabdc10', '11111111111111111111111111111111', '2013-08-11 16:33:06', '11111111111111111111111111111111', '2013-08-11 16:34:45', '0');
INSERT INTO `au_roles_resources` VALUES ('df9b677401c311e3a15d0021ccb9e2f5', 'c614fd7801c211e3a15d0021ccb9e2f5', '93a5cb74e26b4ff2a1dc802fccabdc10', '11111111111111111111111111111111', '2013-08-11 16:33:06', '11111111111111111111111111111111', '2013-08-11 16:34:45', '0');
INSERT INTO `au_roles_resources` VALUES ('df9b694d01c311e3a15d0021ccb9e2f5', 'c697d3d401c211e3a15d0021ccb9e2f5', '93a5cb74e26b4ff2a1dc802fccabdc10', '11111111111111111111111111111111', '2013-08-11 16:33:06', '11111111111111111111111111111111', '2013-08-11 16:34:45', '0');
INSERT INTO `au_roles_resources` VALUES ('df9b6c8f01c311e3a15d0021ccb9e2f5', 'c6a61e5501c211e3a15d0021ccb9e2f5', '93a5cb74e26b4ff2a1dc802fccabdc10', '11111111111111111111111111111111', '2013-08-11 16:33:06', '11111111111111111111111111111111', '2013-08-11 16:34:45', '0');
INSERT INTO `au_roles_resources` VALUES ('df9b6d6d01c311e3a15d0021ccb9e2f5', 'c6bd245a01c211e3a15d0021ccb9e2f5', '93a5cb74e26b4ff2a1dc802fccabdc10', '11111111111111111111111111111111', '2013-08-11 16:33:06', '11111111111111111111111111111111', '2013-08-11 16:34:45', '0');
INSERT INTO `au_roles_resources` VALUES ('df9b6e2601c311e3a15d0021ccb9e2f5', 'c6c74abc01c211e3a15d0021ccb9e2f5', '93a5cb74e26b4ff2a1dc802fccabdc10', '11111111111111111111111111111111', '2013-08-11 16:33:06', '11111111111111111111111111111111', '2013-08-11 16:34:45', '0');
INSERT INTO `au_roles_resources` VALUES ('df9b6ece01c311e3a15d0021ccb9e2f5', 'c6d1717101c211e3a15d0021ccb9e2f5', '93a5cb74e26b4ff2a1dc802fccabdc10', '11111111111111111111111111111111', '2013-08-11 16:33:06', '11111111111111111111111111111111', '2013-08-11 16:34:45', '0');
INSERT INTO `au_roles_resources` VALUES ('df9b6fe601c311e3a15d0021ccb9e2f5', 'c6dc53e701c211e3a15d0021ccb9e2f5', '93a5cb74e26b4ff2a1dc802fccabdc10', '11111111111111111111111111111111', '2013-08-11 16:33:06', '11111111111111111111111111111111', '2013-08-11 16:34:45', '0');
INSERT INTO `au_roles_resources` VALUES ('df9b70b701c311e3a15d0021ccb9e2f5', 'c6e63a4e01c211e3a15d0021ccb9e2f5', '93a5cb74e26b4ff2a1dc802fccabdc10', '11111111111111111111111111111111', '2013-08-11 16:33:06', '11111111111111111111111111111111', '2013-08-11 16:34:45', '0');
INSERT INTO `au_roles_resources` VALUES ('df9b718101c311e3a15d0021ccb9e2f5', 'c702334501c211e3a15d0021ccb9e2f5', '93a5cb74e26b4ff2a1dc802fccabdc10', '11111111111111111111111111111111', '2013-08-11 16:33:06', '11111111111111111111111111111111', '2013-08-11 16:34:45', '0');

-- ----------------------------
-- Table structure for `au_users`
-- ----------------------------
DROP TABLE IF EXISTS `au_users`;
CREATE TABLE `au_users` (
  `enable` int(11) default NULL,
  `password` varchar(255) default NULL,
  `username` varchar(255) default NULL,
  `id` char(32) NOT NULL,
  `truename` varchar(50) default NULL,
  `usertype` char(1) default NULL,
  `rest_id` char(32) default NULL,
  `creator` char(32) default NULL,
  `last_modify` char(32) default NULL,
  `create_time` timestamp NULL default '0000-00-00 00:00:00',
  `last_modify_time` timestamp NULL default CURRENT_TIMESTAMP on update CURRENT_TIMESTAMP,
  `memo` varchar(255) default NULL,
  `delete_flag` char(1) default '0',
  PRIMARY KEY  (`id`)
) ENGINE=InnoDB DEFAULT CHARSET=utf8;

-- ----------------------------
-- Records of au_users
-- ----------------------------
INSERT INTO `au_users` VALUES ('1', '21232f297a57a5a743894a0e4a801fc3', 'admin', '11111111111111111111111111111111', '管理员', '1', '11111111111111111111111111111111', '11111111111111111111111111111111', '11111111111111111111111111111111', '2013-08-11 16:33:19', '2013-08-11 19:37:15', null, '0');
INSERT INTO `au_users` VALUES ('1', 'e10adc3949ba59abbe56e057f20f883e', 'DAYU', '23bc054d03eb497a8b79ddc35fd3d097', null, '2', '5b0f8b73243b435fbbb191ccb3574347', '11111111111111111111111111111111', '11111111111111111111111111111111', '2013-08-11 20:29:45', '2013-08-11 20:29:45', null, '0');
INSERT INTO `au_users` VALUES ('1', 'e10adc3949ba59abbe56e057f20f883e', '郭林家常菜', '5a383f852edf42bf8f0eb07c6185e5ca', null, '2', '53820db3c88b4cf0a4010f320f001ca2', '11111111111111111111111111111111', '11111111111111111111111111111111', '2013-08-11 19:27:17', '2013-08-11 19:27:17', null, '0');
INSERT INTO `au_users` VALUES ('1', 'e10adc3949ba59abbe56e057f20f883e', '大鸭梨', 'c82c6f6aa7a540cea9f341b92c7603a0', null, '2', 'dea9a458770141169254df08c41c074f', '11111111111111111111111111111111', '11111111111111111111111111111111', '2013-08-11 19:28:23', '2013-08-11 19:28:23', null, '0');

-- ----------------------------
-- Table structure for `au_users_roles`
-- ----------------------------
DROP TABLE IF EXISTS `au_users_roles`;
CREATE TABLE `au_users_roles` (
  `id` char(32) NOT NULL,
  `uid` char(32) NOT NULL,
  `rid` char(32) NOT NULL,
  `creator` char(32) NOT NULL,
  `create_time` timestamp NOT NULL default '0000-00-00 00:00:00',
  `last_modify` char(32) NOT NULL,
  `last_modify_time` timestamp NOT NULL default CURRENT_TIMESTAMP on update CURRENT_TIMESTAMP,
  `delete_flag` char(1) NOT NULL default '0',
  PRIMARY KEY  (`id`)
) ENGINE=InnoDB DEFAULT CHARSET=utf8;

-- ----------------------------
-- Records of au_users_roles
-- ----------------------------
INSERT INTO `au_users_roles` VALUES ('11111111111111111111111111111111', '11111111111111111111111111111111', 'cea7a65df96e457ca074515f794da7a2', '11111111111111111111111111111111', '2013-08-11 16:32:59', '11111111111111111111111111111111', '2013-08-11 16:34:52', '0');
INSERT INTO `au_users_roles` VALUES ('2ce54e79fb394955b606e96881f95243', '5a383f852edf42bf8f0eb07c6185e5ca', '93a5cb74e26b4ff2a1dc802fccabdc10', '11111111111111111111111111111111', '2013-08-11 19:27:17', '11111111111111111111111111111111', '2013-08-11 19:27:17', '0');
INSERT INTO `au_users_roles` VALUES ('6499facd81654593a8ef6b541a99adfc', 'c82c6f6aa7a540cea9f341b92c7603a0', '93a5cb74e26b4ff2a1dc802fccabdc10', '11111111111111111111111111111111', '2013-08-11 19:28:23', '11111111111111111111111111111111', '2013-08-11 19:28:23', '0');
INSERT INTO `au_users_roles` VALUES ('c48aac18286c4b75ad6ff59041208606', '23bc054d03eb497a8b79ddc35fd3d097', '93a5cb74e26b4ff2a1dc802fccabdc10', '11111111111111111111111111111111', '2013-08-11 20:29:45', '11111111111111111111111111111111', '2013-08-11 20:29:45', '0');

-- ----------------------------
-- Table structure for `food_buffet`
-- ----------------------------
DROP TABLE IF EXISTS `food_buffet`;
CREATE TABLE `food_buffet` (
  `id` char(32) NOT NULL,
  `buffet_code` varchar(50) NOT NULL,
  `buffet_name` varchar(100) NOT NULL,
  `buffet_lcode` varchar(200) default NULL,
  `mnem_code` varchar(50) default NULL,
  `price` decimal(10,2) default NULL,
  `pic` varchar(200) default NULL,
  `is_parent_public` varchar(10) default NULL,
  `memo` text,
  `rest_id` char(32) NOT NULL,
  `creator` char(32) NOT NULL,
  `create_time` timestamp NOT NULL default '0000-00-00 00:00:00',
  `last_modify` char(32) NOT NULL,
  `last_modify_time` timestamp NOT NULL default CURRENT_TIMESTAMP on update CURRENT_TIMESTAMP,
  `delete_flag` char(1) NOT NULL default '0',
  PRIMARY KEY  (`id`)
) ENGINE=InnoDB DEFAULT CHARSET=utf8;

-- ----------------------------
-- Records of food_buffet
-- ----------------------------

-- ----------------------------
-- Table structure for `food_buffet_item`
-- ----------------------------
DROP TABLE IF EXISTS `food_buffet_item`;
CREATE TABLE `food_buffet_item` (
  `id` char(32) NOT NULL,
  `buffet_id` char(32) NOT NULL,
  `food_id` char(32) NOT NULL,
  `rest_id` char(32) NOT NULL,
  `creator` char(32) NOT NULL,
  `create_time` timestamp NOT NULL default '0000-00-00 00:00:00',
  `last_modify` char(32) NOT NULL,
  `last_modify_time` timestamp NOT NULL default CURRENT_TIMESTAMP on update CURRENT_TIMESTAMP,
  `delete_flag` char(1) NOT NULL default '0',
  PRIMARY KEY  (`id`)
) ENGINE=InnoDB DEFAULT CHARSET=utf8;

-- ----------------------------
-- Records of food_buffet_item
-- ----------------------------

-- ----------------------------
-- Table structure for `food_comment`
-- ----------------------------
DROP TABLE IF EXISTS `food_comment`;
CREATE TABLE `food_comment` (
  `id` char(32) NOT NULL,
  `order_id` char(32) NOT NULL,
  `food_id` char(32) NOT NULL,
  `comm_content` text NOT NULL,
  `comm_time` datetime NOT NULL,
  `audit_flag` varchar(1) default NULL,
  `auditer` char(32) default NULL,
  `audit_time` datetime default NULL,
  `rest_id` char(32) NOT NULL,
  `creator` char(32) NOT NULL,
  `create_time` timestamp NOT NULL default '0000-00-00 00:00:00',
  `last_modify` char(32) NOT NULL,
  `last_modify_time` timestamp NOT NULL default CURRENT_TIMESTAMP on update CURRENT_TIMESTAMP,
  `delete_flag` char(1) NOT NULL default '0',
  PRIMARY KEY  (`id`)
) ENGINE=InnoDB DEFAULT CHARSET=utf8;

-- ----------------------------
-- Records of food_comment
-- ----------------------------

-- ----------------------------
-- Table structure for `food_food`
-- ----------------------------
DROP TABLE IF EXISTS `food_food`;
CREATE TABLE `food_food` (
  `id` char(32) NOT NULL,
  `food_code` varchar(50) NOT NULL,
  `food_name` varchar(100) NOT NULL,
  `food_lcode` varchar(200) default NULL,
  `mnem_code` varchar(50) default NULL,
  `type_id` char(32) NOT NULL default '',
  `is_new` varchar(10) default NULL,
  `is_special` varchar(10) default NULL,
  `unit` varchar(10) default NULL,
  `price` decimal(10,2) default NULL,
  `pic` varchar(200) default NULL,
  `is_parent_public` varchar(10) default NULL,
  `vote_num` int(11) default NULL,
  `memo` text,
  `rest_id` char(32) NOT NULL default '',
  `creator` char(32) NOT NULL,
  `create_time` timestamp NOT NULL default '0000-00-00 00:00:00',
  `last_modify` char(32) NOT NULL,
  `last_modify_time` timestamp NOT NULL default CURRENT_TIMESTAMP on update CURRENT_TIMESTAMP,
  `delete_flag` char(1) NOT NULL default '0',
  `order_num` int(11) default NULL,
  `is_weigh` varchar(10) default NULL,
  PRIMARY KEY  (`id`)
) ENGINE=InnoDB DEFAULT CHARSET=utf8;

-- ----------------------------
-- Records of food_food
-- ----------------------------
INSERT INTO `food_food` VALUES ('037aaa34bd7648cc89ecb7d123b80a27', '0104', '刺身拼盘', null, 'CSPP', '3259004c114045b1a312c7f078dc7775', null, null, '3', '88.00', null, '0', '0', null, '5b0f8b73243b435fbbb191ccb3574347', '23bc054d03eb497a8b79ddc35fd3d097', '2013-08-11 20:51:01', '23bc054d03eb497a8b79ddc35fd3d097', '2013-08-11 20:51:01', '0', null, null);
INSERT INTO `food_food` VALUES ('037d157543af4ae683740160849cb3b4', '0303', '精品烤鸭', null, 'JPKY', '9c971de915ef4390a3cdebd51f46c9c5', '1', '1', '5', '88.00', null, '0', '0', null, 'dea9a458770141169254df08c41c074f', 'c82c6f6aa7a540cea9f341b92c7603a0', '2013-08-11 19:57:30', 'c82c6f6aa7a540cea9f341b92c7603a0', '2013-08-11 20:02:15', '0', '10', null);
INSERT INTO `food_food` VALUES ('04212b8266c94cb8ab3c92e2d2e20ddb', '0102', '老醋花生', null, 'LCHS', '0087f335c0f941cf898eed99189c9afd', null, null, '2', '12.00', null, '0', '0', null, 'dea9a458770141169254df08c41c074f', 'c82c6f6aa7a540cea9f341b92c7603a0', '2013-08-11 19:49:39', 'c82c6f6aa7a540cea9f341b92c7603a0', '2013-08-11 20:02:11', '0', '2', null);
INSERT INTO `food_food` VALUES ('189309d792ac4d279f1db8a976a332d5', '0202', '上汤娃娃菜', null, 'STWWC', '13cc54b860324b1eaf89401183f255da', null, null, '2', '20.00', null, '0', '0', null, 'dea9a458770141169254df08c41c074f', 'c82c6f6aa7a540cea9f341b92c7603a0', '2013-08-11 19:53:17', 'c82c6f6aa7a540cea9f341b92c7603a0', '2013-08-11 20:02:13', '0', '6', null);
INSERT INTO `food_food` VALUES ('1d4d02802c8e4be88db2543ac17b1dc2', '0501', '燕京啤酒', null, 'YJPJ', '3b322326523146d8b23ee66f3c3ab13e', null, null, null, '12.00', null, '0', '0', null, 'dea9a458770141169254df08c41c074f', 'c82c6f6aa7a540cea9f341b92c7603a0', '2013-08-11 20:01:04', 'c82c6f6aa7a540cea9f341b92c7603a0', '2013-08-11 20:02:18', '0', '14', null);
INSERT INTO `food_food` VALUES ('2006d20cc8674ec0947bb6cf2ddcd571', '0402', '皮蛋瘦肉粥', null, 'PDSRZ', '1484c3c30bfd48509100bfc964d45a42', null, null, '2', '8.00', null, '0', '0', null, 'dea9a458770141169254df08c41c074f', 'c82c6f6aa7a540cea9f341b92c7603a0', '2013-08-11 20:00:27', 'c82c6f6aa7a540cea9f341b92c7603a0', '2013-08-11 20:02:17', '0', '13', null);
INSERT INTO `food_food` VALUES ('2ff4342eb26b4ec0901c8c7eddcce699', '0502', '可口可乐', null, 'KKKL', '3b322326523146d8b23ee66f3c3ab13e', null, null, null, '10.00', null, '0', '0', null, 'dea9a458770141169254df08c41c074f', 'c82c6f6aa7a540cea9f341b92c7603a0', '2013-08-11 20:01:26', 'c82c6f6aa7a540cea9f341b92c7603a0', '2013-08-11 20:02:18', '0', '15', null);
INSERT INTO `food_food` VALUES ('3fd4b2adaf314ea9bd73bd1d20fa709d', '0301', '宫保鸡丁', null, 'GBJD', '9c971de915ef4390a3cdebd51f46c9c5', null, '1', '2', '24.00', null, '0', '0', null, 'dea9a458770141169254df08c41c074f', 'c82c6f6aa7a540cea9f341b92c7603a0', '2013-08-11 19:54:30', 'c82c6f6aa7a540cea9f341b92c7603a0', '2013-08-11 20:02:13', '0', '8', null);
INSERT INTO `food_food` VALUES ('42c3f1799ced4194aafd1c417609657a', '0103', '北极贝', null, 'BJB', '3259004c114045b1a312c7f078dc7775', null, null, '3', '40.00', null, '0', '0', null, '5b0f8b73243b435fbbb191ccb3574347', '23bc054d03eb497a8b79ddc35fd3d097', '2013-08-11 20:50:31', '23bc054d03eb497a8b79ddc35fd3d097', '2013-08-11 20:50:31', '0', null, null);
INSERT INTO `food_food` VALUES ('44c8a95d1df34359a4356251cd405846', '0601', '米饭', null, 'MF', '71d941009cbe413cb878b7d57ac2ab96', null, null, null, '2.00', null, '0', '0', null, 'dea9a458770141169254df08c41c074f', 'c82c6f6aa7a540cea9f341b92c7603a0', '2013-08-11 20:01:45', 'c82c6f6aa7a540cea9f341b92c7603a0', '2013-08-11 20:02:23', '0', '16', null);
INSERT INTO `food_food` VALUES ('5581b0ceef184ecdb26e6f4fa83f111c', '0203', '鳗鱼', null, 'MY', 'a6a5f74751534b2bbff06e6e5fe38d3c', null, null, null, '25.00', null, '0', '0', null, '5b0f8b73243b435fbbb191ccb3574347', '23bc054d03eb497a8b79ddc35fd3d097', '2013-08-11 20:52:12', '23bc054d03eb497a8b79ddc35fd3d097', '2013-08-11 20:52:12', '0', null, null);
INSERT INTO `food_food` VALUES ('610677a7f2f04100b7bd3a3294ac65bd', '0104', '蓝莓山药', null, 'LMSY', '0087f335c0f941cf898eed99189c9afd', null, null, '2', '20.00', null, '0', '0', null, 'dea9a458770141169254df08c41c074f', 'c82c6f6aa7a540cea9f341b92c7603a0', '2013-08-11 19:51:07', 'c82c6f6aa7a540cea9f341b92c7603a0', '2013-08-11 20:02:12', '0', '4', null);
INSERT INTO `food_food` VALUES ('7bddee2ce9394c21a3a64fa170ba5031', '0101', '经典大拌菜', null, 'JDDBC', '0087f335c0f941cf898eed99189c9afd', null, null, '2', '16.00', null, '0', '0', null, 'dea9a458770141169254df08c41c074f', 'c82c6f6aa7a540cea9f341b92c7603a0', '2013-08-11 19:49:04', 'c82c6f6aa7a540cea9f341b92c7603a0', '2013-08-11 19:51:37', '0', '1', null);
INSERT INTO `food_food` VALUES ('7e0075b92db1422d8da03c0c04305a96', '0303', '招牌手握拼盘', null, 'ZPSWPP', 'a4de5ba2708a4c0bb1ad9c4e2339f13d', null, null, null, '128.00', null, '0', '0', null, '5b0f8b73243b435fbbb191ccb3574347', '23bc054d03eb497a8b79ddc35fd3d097', '2013-08-11 20:55:19', '23bc054d03eb497a8b79ddc35fd3d097', '2013-08-11 20:55:19', '0', null, null);
INSERT INTO `food_food` VALUES ('7fe937c7dfb04ea78eb11051a55b23ba', '0401', '酸辣汤', null, 'SLT', '1484c3c30bfd48509100bfc964d45a42', null, null, '2', '10.00', null, '0', '0', null, 'dea9a458770141169254df08c41c074f', 'c82c6f6aa7a540cea9f341b92c7603a0', '2013-08-11 20:00:03', 'c82c6f6aa7a540cea9f341b92c7603a0', '2013-08-11 20:02:17', '0', '12', null);
INSERT INTO `food_food` VALUES ('835317242ae64b598167973a3b535436', '0204', '甜虾', null, 'TX', 'a6a5f74751534b2bbff06e6e5fe38d3c', null, null, null, '30.00', null, '0', '0', null, '5b0f8b73243b435fbbb191ccb3574347', '23bc054d03eb497a8b79ddc35fd3d097', '2013-08-11 20:52:52', '23bc054d03eb497a8b79ddc35fd3d097', '2013-08-11 20:52:52', '0', null, null);
INSERT INTO `food_food` VALUES ('848a09ff7049407eac3071ca14f5442b', '0401', '清酒', null, 'QJ', 'e32cee970a5742078f084c1d30aa6873', null, null, null, '88.00', null, '0', '0', null, '5b0f8b73243b435fbbb191ccb3574347', '23bc054d03eb497a8b79ddc35fd3d097', '2013-08-11 20:55:35', '23bc054d03eb497a8b79ddc35fd3d097', '2013-08-11 20:55:35', '0', null, null);
INSERT INTO `food_food` VALUES ('89a31d328de9426ab5220497d656af19', '0304', '松鼠桂鱼', null, 'SSGY', '9c971de915ef4390a3cdebd51f46c9c5', null, null, '2', '38.00', null, '0', '0', null, 'dea9a458770141169254df08c41c074f', 'c82c6f6aa7a540cea9f341b92c7603a0', '2013-08-11 19:58:05', 'c82c6f6aa7a540cea9f341b92c7603a0', '2013-08-11 20:02:16', '0', '11', null);
INSERT INTO `food_food` VALUES ('918c4676766f4819b60befa736f8cda2', '0203', '香菇油菜', null, 'XGYC', '13cc54b860324b1eaf89401183f255da', null, null, '2', '18.00', null, '0', '0', null, 'dea9a458770141169254df08c41c074f', 'c82c6f6aa7a540cea9f341b92c7603a0', '2013-08-11 19:53:52', 'c82c6f6aa7a540cea9f341b92c7603a0', '2013-08-11 20:02:13', '0', '7', null);
INSERT INTO `food_food` VALUES ('9905a0f361034aaaa56e7909da05e674', '0201', '扇贝', null, 'SB', 'a6a5f74751534b2bbff06e6e5fe38d3c', null, null, '2', '20.00', null, '0', '0', null, '5b0f8b73243b435fbbb191ccb3574347', '23bc054d03eb497a8b79ddc35fd3d097', '2013-08-11 20:51:34', '23bc054d03eb497a8b79ddc35fd3d097', '2013-08-11 20:51:34', '0', null, null);
INSERT INTO `food_food` VALUES ('9f5d71d1414440b4b2c009c87f36375a', '0402', '可乐', null, 'KL', 'e32cee970a5742078f084c1d30aa6873', null, null, null, '20.00', null, '0', '0', null, '5b0f8b73243b435fbbb191ccb3574347', '23bc054d03eb497a8b79ddc35fd3d097', '2013-08-11 20:55:51', '23bc054d03eb497a8b79ddc35fd3d097', '2013-08-11 20:55:51', '0', null, null);
INSERT INTO `food_food` VALUES ('b73127ecaedc45e6b2494b9ba8c0a99a', '0205', '牛排', null, 'NP', 'a6a5f74751534b2bbff06e6e5fe38d3c', null, null, '2', '68.00', null, '0', '0', null, '5b0f8b73243b435fbbb191ccb3574347', '23bc054d03eb497a8b79ddc35fd3d097', '2013-08-11 20:53:27', '23bc054d03eb497a8b79ddc35fd3d097', '2013-08-11 20:53:27', '0', null, null);
INSERT INTO `food_food` VALUES ('c52ed5a69d6d41a098c7a1a166f07ce2', '0101', '三文鱼', null, 'SWY', '3259004c114045b1a312c7f078dc7775', null, null, '3', '32.00', null, '0', '0', null, '5b0f8b73243b435fbbb191ccb3574347', '23bc054d03eb497a8b79ddc35fd3d097', '2013-08-11 20:49:15', '23bc054d03eb497a8b79ddc35fd3d097', '2013-08-11 20:49:57', '0', null, null);
INSERT INTO `food_food` VALUES ('c85ad3d8001844a5858aa74bcc567933', '0102', '象拔蚌', null, 'XBB', '3259004c114045b1a312c7f078dc7775', null, '1', '3', '58.00', null, '0', '0', null, '5b0f8b73243b435fbbb191ccb3574347', '23bc054d03eb497a8b79ddc35fd3d097', '2013-08-11 20:49:49', '23bc054d03eb497a8b79ddc35fd3d097', '2013-08-11 20:50:05', '0', null, null);
INSERT INTO `food_food` VALUES ('cad2627203d2464997e607ed2628f9ee', '0103', '肉丝拉皮', null, 'RSLP', '0087f335c0f941cf898eed99189c9afd', null, null, '2', '20.00', null, '0', '0', null, 'dea9a458770141169254df08c41c074f', 'c82c6f6aa7a540cea9f341b92c7603a0', '2013-08-11 19:50:34', 'c82c6f6aa7a540cea9f341b92c7603a0', '2013-08-11 20:02:12', '0', '3', null);
INSERT INTO `food_food` VALUES ('cc3fd76b82bf48baaf2c345756602f67', '0302', '鱼香肉丝', null, 'YXRS', '9c971de915ef4390a3cdebd51f46c9c5', null, null, '2', '24.00', null, '0', '0', null, 'dea9a458770141169254df08c41c074f', 'c82c6f6aa7a540cea9f341b92c7603a0', '2013-08-11 19:56:36', 'c82c6f6aa7a540cea9f341b92c7603a0', '2013-08-11 20:02:14', '0', '9', null);
INSERT INTO `food_food` VALUES ('e23f96b4774040eead7d9c9e9716e040', '0202', '生蚝', null, 'SH', 'a6a5f74751534b2bbff06e6e5fe38d3c', null, null, null, '25.00', null, '0', '0', null, '5b0f8b73243b435fbbb191ccb3574347', '23bc054d03eb497a8b79ddc35fd3d097', '2013-08-11 20:51:54', '23bc054d03eb497a8b79ddc35fd3d097', '2013-08-11 20:51:54', '0', null, null);
INSERT INTO `food_food` VALUES ('ee47d9f3949049f08cb1d110aca4c9f8', '0302', '鳗鱼寿司卷', null, 'MYSSJ', 'a4de5ba2708a4c0bb1ad9c4e2339f13d', null, null, null, '16.00', null, '0', '0', null, '5b0f8b73243b435fbbb191ccb3574347', '23bc054d03eb497a8b79ddc35fd3d097', '2013-08-11 20:54:41', '23bc054d03eb497a8b79ddc35fd3d097', '2013-08-11 20:54:41', '0', null, null);
INSERT INTO `food_food` VALUES ('f9ba6387be294a5c9f8a4827eff227f7', '0201', '酸辣土豆丝', null, 'SLTDS', '13cc54b860324b1eaf89401183f255da', null, null, '2', '16.00', null, '0', '0', null, 'dea9a458770141169254df08c41c074f', 'c82c6f6aa7a540cea9f341b92c7603a0', '2013-08-11 19:52:40', 'c82c6f6aa7a540cea9f341b92c7603a0', '2013-08-11 20:02:12', '0', '5', null);
INSERT INTO `food_food` VALUES ('fbfb2b8e358f40d4b12f394604ffa9b7', '0301', '三文鱼寿司卷', null, 'SWYSSJ', 'a4de5ba2708a4c0bb1ad9c4e2339f13d', null, null, '2', '16.00', null, '0', '0', null, '5b0f8b73243b435fbbb191ccb3574347', '23bc054d03eb497a8b79ddc35fd3d097', '2013-08-11 20:54:14', '23bc054d03eb497a8b79ddc35fd3d097', '2013-08-11 20:54:14', '0', null, null);

-- ----------------------------
-- Table structure for `food_foodtype`
-- ----------------------------
DROP TABLE IF EXISTS `food_foodtype`;
CREATE TABLE `food_foodtype` (
  `id` char(32) NOT NULL,
  `type_code` varchar(20) NOT NULL,
  `type_name` varchar(50) NOT NULL,
  `type_lcode` varchar(100) default '',
  `is_drinks` varchar(10) default '',
  `is_staple` varchar(10) default '',
  `memo` text,
  `rest_id` char(32) NOT NULL default '',
  `creator` char(32) default '',
  `create_time` timestamp NOT NULL default '0000-00-00 00:00:00',
  `last_modify` char(32) default '',
  `last_modify_time` timestamp NOT NULL default CURRENT_TIMESTAMP on update CURRENT_TIMESTAMP,
  `delete_flag` char(1) default '0',
  `order_num` int(11) default NULL,
  PRIMARY KEY  (`id`)
) ENGINE=InnoDB DEFAULT CHARSET=utf8;

-- ----------------------------
-- Records of food_foodtype
-- ----------------------------
INSERT INTO `food_foodtype` VALUES ('0087f335c0f941cf898eed99189c9afd', '01', '凉菜', '', '0', '0', null, 'dea9a458770141169254df08c41c074f', 'c82c6f6aa7a540cea9f341b92c7603a0', '2013-08-11 19:42:03', 'c82c6f6aa7a540cea9f341b92c7603a0', '2013-08-11 19:42:03', '0', '1');
INSERT INTO `food_foodtype` VALUES ('13cc54b860324b1eaf89401183f255da', '02', '素菜', '', '0', '0', null, 'dea9a458770141169254df08c41c074f', 'c82c6f6aa7a540cea9f341b92c7603a0', '2013-08-11 19:42:28', 'c82c6f6aa7a540cea9f341b92c7603a0', '2013-08-11 19:55:06', '0', '2');
INSERT INTO `food_foodtype` VALUES ('1484c3c30bfd48509100bfc964d45a42', '04', '汤', '', '0', '0', null, 'dea9a458770141169254df08c41c074f', 'c82c6f6aa7a540cea9f341b92c7603a0', '2013-08-11 19:43:20', 'c82c6f6aa7a540cea9f341b92c7603a0', '2013-08-11 19:43:20', '0', '4');
INSERT INTO `food_foodtype` VALUES ('3259004c114045b1a312c7f078dc7775', '01', '刺身', '', '0', '0', null, '5b0f8b73243b435fbbb191ccb3574347', '23bc054d03eb497a8b79ddc35fd3d097', '2013-08-11 20:47:42', '23bc054d03eb497a8b79ddc35fd3d097', '2013-08-11 20:48:39', '0', '1');
INSERT INTO `food_foodtype` VALUES ('390683e5d23841a0b2c976e8b112d9bc', '07', '甜品', '', '0', '0', null, 'dea9a458770141169254df08c41c074f', 'c82c6f6aa7a540cea9f341b92c7603a0', '2013-08-11 19:54:56', 'c82c6f6aa7a540cea9f341b92c7603a0', '2013-08-11 19:56:10', '1', '7');
INSERT INTO `food_foodtype` VALUES ('3b322326523146d8b23ee66f3c3ab13e', '05', '酒水', '', '1', '0', null, 'dea9a458770141169254df08c41c074f', 'c82c6f6aa7a540cea9f341b92c7603a0', '2013-08-11 19:44:03', 'c82c6f6aa7a540cea9f341b92c7603a0', '2013-08-11 19:44:09', '0', '5');
INSERT INTO `food_foodtype` VALUES ('71d941009cbe413cb878b7d57ac2ab96', '06', '主食', '', '0', '1', null, 'dea9a458770141169254df08c41c074f', 'c82c6f6aa7a540cea9f341b92c7603a0', '2013-08-11 19:44:26', 'c82c6f6aa7a540cea9f341b92c7603a0', '2013-08-11 19:44:26', '0', '6');
INSERT INTO `food_foodtype` VALUES ('9c971de915ef4390a3cdebd51f46c9c5', '03', '荤菜', '', '0', '0', null, 'dea9a458770141169254df08c41c074f', 'c82c6f6aa7a540cea9f341b92c7603a0', '2013-08-11 19:42:46', 'c82c6f6aa7a540cea9f341b92c7603a0', '2013-08-11 19:43:33', '0', '3');
INSERT INTO `food_foodtype` VALUES ('a4de5ba2708a4c0bb1ad9c4e2339f13d', '03', '寿司', '', '0', '1', null, '5b0f8b73243b435fbbb191ccb3574347', '23bc054d03eb497a8b79ddc35fd3d097', '2013-08-11 20:48:13', '23bc054d03eb497a8b79ddc35fd3d097', '2013-08-11 20:48:51', '0', '3');
INSERT INTO `food_foodtype` VALUES ('a6a5f74751534b2bbff06e6e5fe38d3c', '02', '烧烤', '', '0', '0', null, '5b0f8b73243b435fbbb191ccb3574347', '23bc054d03eb497a8b79ddc35fd3d097', '2013-08-11 20:47:58', '23bc054d03eb497a8b79ddc35fd3d097', '2013-08-11 20:48:45', '0', '2');
INSERT INTO `food_foodtype` VALUES ('e32cee970a5742078f084c1d30aa6873', '04', '酒水', '', '1', '0', null, '5b0f8b73243b435fbbb191ccb3574347', '23bc054d03eb497a8b79ddc35fd3d097', '2013-08-11 20:48:32', '23bc054d03eb497a8b79ddc35fd3d097', '2013-08-11 20:48:32', '0', '4');

-- ----------------------------
-- Table structure for `food_recommend`
-- ----------------------------
DROP TABLE IF EXISTS `food_recommend`;
CREATE TABLE `food_recommend` (
  `id` varchar(32) NOT NULL,
  `food_id` varchar(32) default NULL,
  `order_id` varchar(32) default NULL,
  `reco_time` datetime default NULL,
  `creator` char(32) NOT NULL,
  `create_time` timestamp NOT NULL default CURRENT_TIMESTAMP on update CURRENT_TIMESTAMP,
  `last_modify` char(32) NOT NULL,
  `last_modify_time` timestamp NOT NULL default '0000-00-00 00:00:00',
  `rest_id` varchar(32) default NULL,
  `delete_flag` char(1) NOT NULL default '0',
  PRIMARY KEY  (`id`)
) ENGINE=InnoDB DEFAULT CHARSET=utf8;

-- ----------------------------
-- Records of food_recommend
-- ----------------------------

-- ----------------------------
-- Table structure for `food_specialoffer`
-- ----------------------------
DROP TABLE IF EXISTS `food_specialoffer`;
CREATE TABLE `food_specialoffer` (
  `id` char(32) NOT NULL,
  `acti_name` varchar(100) NOT NULL,
  `begin_date` date default NULL,
  `end_date` date default NULL,
  `begin_time` time default NULL,
  `end_time` time default NULL,
  `favor_week` varchar(1000) default NULL,
  `favor_day` varchar(2000) default NULL,
  `memo` text,
  `favor_order` int(11) default NULL,
  `rest_id` char(32) NOT NULL,
  `creator` char(32) NOT NULL,
  `create_time` timestamp NOT NULL default CURRENT_TIMESTAMP on update CURRENT_TIMESTAMP,
  `last_modify` char(32) NOT NULL,
  `last_modify_time` timestamp NOT NULL default '0000-00-00 00:00:00',
  `delete_flag` char(1) NOT NULL default '0',
  PRIMARY KEY  (`id`)
) ENGINE=InnoDB DEFAULT CHARSET=utf8;

-- ----------------------------
-- Records of food_specialoffer
-- ----------------------------

-- ----------------------------
-- Table structure for `food_specialoffer_item`
-- ----------------------------
DROP TABLE IF EXISTS `food_specialoffer_item`;
CREATE TABLE `food_specialoffer_item` (
  `id` char(32) NOT NULL,
  `spec_id` char(32) NOT NULL,
  `food_id` char(32) NOT NULL,
  `favor_price` decimal(10,2) NOT NULL,
  `creator` char(32) NOT NULL,
  `create_time` timestamp NOT NULL default CURRENT_TIMESTAMP on update CURRENT_TIMESTAMP,
  `last_modify` char(32) NOT NULL,
  `last_modify_time` timestamp NOT NULL default '0000-00-00 00:00:00',
  `delete_flag` char(1) NOT NULL default '0',
  PRIMARY KEY  (`id`)
) ENGINE=InnoDB DEFAULT CHARSET=utf8;

-- ----------------------------
-- Records of food_specialoffer_item
-- ----------------------------

-- ----------------------------
-- Table structure for `member`
-- ----------------------------
DROP TABLE IF EXISTS `member`;
CREATE TABLE `member` (
  `id` varchar(32) NOT NULL,
  `mobile_num` varchar(20) NOT NULL,
  `reg_time` datetime default NULL,
  `last_valid_time` datetime default NULL,
  PRIMARY KEY  (`id`),
  UNIQUE KEY `ix_member` (`mobile_num`)
) ENGINE=InnoDB DEFAULT CHARSET=utf8;

-- ----------------------------
-- Records of member
-- ----------------------------

-- ----------------------------
-- Table structure for `ord_batch`
-- ----------------------------
DROP TABLE IF EXISTS `ord_batch`;
CREATE TABLE `ord_batch` (
  `id` char(255) NOT NULL default '',
  `order_id` char(255) default NULL,
  `order_batch` int(11) default NULL,
  `creator` char(32) NOT NULL,
  `create_time` timestamp NOT NULL default CURRENT_TIMESTAMP on update CURRENT_TIMESTAMP,
  `last_modify` char(32) NOT NULL,
  `last_modify_time` timestamp NOT NULL default '0000-00-00 00:00:00',
  `delete_flag` char(1) NOT NULL default '0',
  PRIMARY KEY  (`id`)
) ENGINE=InnoDB DEFAULT CHARSET=utf8;

-- ----------------------------
-- Records of ord_batch
-- ----------------------------
INSERT INTO `ord_batch` VALUES ('08cf640a6bf844b988c048cba251feae', 'fca9acc737454bbab5c5e4a261a97e77', '1', 'c82c6f6aa7a540cea9f341b92c7603a0', '2013-08-11 20:04:52', 'c82c6f6aa7a540cea9f341b92c7603a0', '2013-08-11 20:04:52', '0');
INSERT INTO `ord_batch` VALUES ('860ab97a9c104a228ab68f14a1992779', 'fca9acc737454bbab5c5e4a261a97e77', '0', 'c82c6f6aa7a540cea9f341b92c7603a0', '2013-08-11 20:04:05', 'c82c6f6aa7a540cea9f341b92c7603a0', '2013-08-11 20:04:05', '0');
INSERT INTO `ord_batch` VALUES ('9ab7b2e8c6df4568aabe9e69a83ccec0', 'aef24b5d1bd84ce493e04f385c3dacca', '0', 'c82c6f6aa7a540cea9f341b92c7603a0', '2013-08-11 20:05:46', 'c82c6f6aa7a540cea9f341b92c7603a0', '2013-08-11 20:05:46', '0');
INSERT INTO `ord_batch` VALUES ('bad21a89f70547d893734ce789d4dcf3', '49cea82461a54da0b848edf923f8e7fd', '0', 'c82c6f6aa7a540cea9f341b92c7603a0', '2013-08-11 20:10:59', 'c82c6f6aa7a540cea9f341b92c7603a0', '2013-08-11 20:10:59', '0');

-- ----------------------------
-- Table structure for `ord_number`
-- ----------------------------
DROP TABLE IF EXISTS `ord_number`;
CREATE TABLE `ord_number` (
  `order_no` varchar(100) NOT NULL,
  `order_date` varchar(20) default NULL,
  PRIMARY KEY  (`order_no`)
) ENGINE=InnoDB DEFAULT CHARSET=utf8;

-- ----------------------------
-- Records of ord_number
-- ----------------------------
INSERT INTO `ord_number` VALUES ('20130811135496', '20130811');
INSERT INTO `ord_number` VALUES ('20130811302436', '20130811');
INSERT INTO `ord_number` VALUES ('20130811517327', '20130811');

-- ----------------------------
-- Table structure for `ord_order`
-- ----------------------------
DROP TABLE IF EXISTS `ord_order`;
CREATE TABLE `ord_order` (
  `id` char(32) NOT NULL,
  `order_no` varchar(100) default NULL,
  `table_id` char(32) default NULL,
  `submit_time` datetime default NULL,
  `member_id` char(32) default NULL,
  `order_amount` decimal(10,2) default NULL,
  `favor_amount` decimal(10,2) default NULL,
  `pay_type` varchar(10) default NULL,
  `pay_amount` decimal(10,2) default NULL,
  `pay_change` decimal(10,2) default NULL,
  `person_count` int(11) default NULL,
  `order_state` varchar(10) default NULL,
  `is_invoice` varchar(10) NOT NULL default '0',
  `invoice_title` varchar(100) default NULL,
  `rest_id` char(32) default NULL,
  `vote_count` int(11) default NULL,
  `status` varchar(255) NOT NULL default '',
  `memo` text,
  `creator` char(32) NOT NULL,
  `create_time` timestamp NOT NULL default CURRENT_TIMESTAMP on update CURRENT_TIMESTAMP,
  `last_modify` char(32) NOT NULL,
  `last_modify_time` timestamp NOT NULL default '0000-00-00 00:00:00',
  `delete_flag` char(1) NOT NULL default '0',
  PRIMARY KEY  (`id`)
) ENGINE=InnoDB DEFAULT CHARSET=utf8;

-- ----------------------------
-- Records of ord_order
-- ----------------------------
INSERT INTO `ord_order` VALUES ('49cea82461a54da0b848edf923f8e7fd', '20130811135496', '85c4dcef60194a0283711721f1d2102f', null, null, '24.00', '24.00', null, null, null, null, null, '0', null, 'dea9a458770141169254df08c41c074f', null, '02', null, 'c82c6f6aa7a540cea9f341b92c7603a0', '2013-08-11 20:10:59', 'c82c6f6aa7a540cea9f341b92c7603a0', '2013-08-11 20:10:59', '0');
INSERT INTO `ord_order` VALUES ('aef24b5d1bd84ce493e04f385c3dacca', '20130811517327', 'b01ba554f53d46e3a0d4f1680d43b361', null, null, '26.00', '26.00', null, null, null, '1', null, '0', null, 'dea9a458770141169254df08c41c074f', null, '02', null, 'c82c6f6aa7a540cea9f341b92c7603a0', '2013-08-11 20:05:46', 'c82c6f6aa7a540cea9f341b92c7603a0', '2013-08-11 20:05:46', '0');
INSERT INTO `ord_order` VALUES ('fca9acc737454bbab5c5e4a261a97e77', '20130811302436', 'b01ba554f53d46e3a0d4f1680d43b361', null, null, '134.00', '134.00', '01', '140.00', '6.00', '2', null, '0', '北京工业大学', 'dea9a458770141169254df08c41c074f', null, '03', null, 'c82c6f6aa7a540cea9f341b92c7603a0', '2013-08-11 20:06:13', 'c82c6f6aa7a540cea9f341b92c7603a0', '2013-08-11 20:04:05', '0');

-- ----------------------------
-- Table structure for `ord_order_item`
-- ----------------------------
DROP TABLE IF EXISTS `ord_order_item`;
CREATE TABLE `ord_order_item` (
  `id` varchar(32) NOT NULL,
  `order_id` varchar(32) NOT NULL,
  `batch_id` varchar(32) NOT NULL,
  `food_id` varchar(32) NOT NULL,
  `food_count` decimal(10,2) NOT NULL,
  `food_price` decimal(10,2) NOT NULL,
  `food_amount` decimal(10,2) NOT NULL,
  `favor_amount` decimal(10,2) NOT NULL,
  `creator` char(32) NOT NULL,
  `create_time` timestamp NOT NULL default CURRENT_TIMESTAMP on update CURRENT_TIMESTAMP,
  `last_modify` char(32) NOT NULL,
  `last_modify_time` timestamp NOT NULL default '0000-00-00 00:00:00',
  `delete_flag` char(1) NOT NULL default '0',
  PRIMARY KEY  (`id`)
) ENGINE=InnoDB DEFAULT CHARSET=utf8;

-- ----------------------------
-- Records of ord_order_item
-- ----------------------------
INSERT INTO `ord_order_item` VALUES ('0781140b758445148e14ea0a0311ca73', '49cea82461a54da0b848edf923f8e7fd', 'bad21a89f70547d893734ce789d4dcf3', 'cc3fd76b82bf48baaf2c345756602f67', '1.00', '24.00', '24.00', '24.00', 'c82c6f6aa7a540cea9f341b92c7603a0', '2013-08-11 20:10:59', 'c82c6f6aa7a540cea9f341b92c7603a0', '2013-08-11 20:10:59', '0');
INSERT INTO `ord_order_item` VALUES ('087f811dabfc41e196e48c5dbaeee5fc', 'fca9acc737454bbab5c5e4a261a97e77', '860ab97a9c104a228ab68f14a1992779', '037d157543af4ae683740160849cb3b4', '1.00', '88.00', '88.00', '88.00', 'c82c6f6aa7a540cea9f341b92c7603a0', '2013-08-11 20:06:13', 'c82c6f6aa7a540cea9f341b92c7603a0', '2013-08-11 20:04:05', '1');
INSERT INTO `ord_order_item` VALUES ('35e5106f2e164849b47f802930e6eda6', 'fca9acc737454bbab5c5e4a261a97e77', '860ab97a9c104a228ab68f14a1992779', 'cc3fd76b82bf48baaf2c345756602f67', '1.00', '24.00', '24.00', '24.00', 'c82c6f6aa7a540cea9f341b92c7603a0', '2013-08-11 20:06:13', 'c82c6f6aa7a540cea9f341b92c7603a0', '2013-08-11 20:04:05', '1');
INSERT INTO `ord_order_item` VALUES ('b6fce674ab054366bca2bb07a319608d', 'aef24b5d1bd84ce493e04f385c3dacca', '9ab7b2e8c6df4568aabe9e69a83ccec0', '3fd4b2adaf314ea9bd73bd1d20fa709d', '1.00', '24.00', '24.00', '24.00', 'c82c6f6aa7a540cea9f341b92c7603a0', '2013-08-11 20:05:46', 'c82c6f6aa7a540cea9f341b92c7603a0', '2013-08-11 20:05:46', '0');
INSERT INTO `ord_order_item` VALUES ('c6e4edfa2df04825b459d186ce92ec00', 'fca9acc737454bbab5c5e4a261a97e77', '860ab97a9c104a228ab68f14a1992779', 'f9ba6387be294a5c9f8a4827eff227f7', '1.00', '16.00', '16.00', '16.00', 'c82c6f6aa7a540cea9f341b92c7603a0', '2013-08-11 20:06:13', 'c82c6f6aa7a540cea9f341b92c7603a0', '2013-08-11 20:04:05', '1');
INSERT INTO `ord_order_item` VALUES ('e4d35a4b20ef402cb1b48c547bf36cb4', 'fca9acc737454bbab5c5e4a261a97e77', '08cf640a6bf844b988c048cba251feae', '44c8a95d1df34359a4356251cd405846', '3.00', '2.00', '6.00', '6.00', 'c82c6f6aa7a540cea9f341b92c7603a0', '2013-08-11 20:06:13', 'c82c6f6aa7a540cea9f341b92c7603a0', '2013-08-11 20:04:52', '1');
INSERT INTO `ord_order_item` VALUES ('ebfd5856d23149ffb0dc6922ecac36a2', 'aef24b5d1bd84ce493e04f385c3dacca', '9ab7b2e8c6df4568aabe9e69a83ccec0', '44c8a95d1df34359a4356251cd405846', '1.00', '2.00', '2.00', '2.00', 'c82c6f6aa7a540cea9f341b92c7603a0', '2013-08-11 20:05:46', 'c82c6f6aa7a540cea9f341b92c7603a0', '2013-08-11 20:05:46', '0');

-- ----------------------------
-- Table structure for `rest_restaurant`
-- ----------------------------
DROP TABLE IF EXISTS `rest_restaurant`;
CREATE TABLE `rest_restaurant` (
  `id` char(32) NOT NULL,
  `parent_id` char(32) default NULL,
  `rest_code` varchar(50) NOT NULL,
  `rest_name` varchar(100) NOT NULL,
  `rest_intr` text,
  `rest_pid` varchar(100) default NULL,
  `rest_phone` varchar(100) default NULL,
  `rest_address` varchar(100) default NULL,
  `is_self` varchar(10) default NULL,
  `price_list` varchar(200) default NULL,
  `is_half` varchar(10) default NULL,
  `open_vip` varchar(255) default '',
  `discout_type` varchar(10) default NULL,
  `discount_num` decimal(10,2) default NULL,
  `include_wine` varchar(10) default NULL,
  `member_info` text,
  `give_invoice` varchar(10) default '',
  `vote_source` varchar(10) default NULL,
  `vote_count` int(11) default NULL,
  `admin_name` varchar(50) NOT NULL,
  `admin_pwd` varchar(50) NOT NULL,
  `is_group` varchar(10) NOT NULL,
  `memo` text,
  `creator` char(32) NOT NULL,
  `create_time` timestamp NOT NULL default '0000-00-00 00:00:00',
  `last_modify` char(32) NOT NULL,
  `last_modify_time` timestamp NOT NULL default CURRENT_TIMESTAMP on update CURRENT_TIMESTAMP,
  `delete_flag` char(1) NOT NULL default '0',
  `marketing_username` varchar(255) default NULL,
  `marketing_password` varchar(255) default NULL,
  `validate_username` varchar(255) default NULL,
  `validate_password` varchar(255) default NULL,
  PRIMARY KEY  (`id`)
) ENGINE=InnoDB DEFAULT CHARSET=utf8;

-- ----------------------------
-- Records of rest_restaurant
-- ----------------------------
INSERT INTO `rest_restaurant` VALUES ('53820db3c88b4cf0a4010f320f001ca2', '11111111111111111111111111111111', 'GLJCC', '郭林家常菜', null, null, null, null, null, null, null, '0', null, null, null, null, '', null, null, '郭林家常菜', '123456', '1', null, '11111111111111111111111111111111', '2013-08-11 19:27:04', '11111111111111111111111111111111', '2013-08-11 20:28:57', '0', null, null, null, null);
INSERT INTO `rest_restaurant` VALUES ('5b0f8b73243b435fbbb191ccb3574347', '11111111111111111111111111111111', 'DYTBS', '大渔铁板烧', null, null, null, null, null, null, null, '1', null, null, null, null, '', null, null, 'DAYU', '123456', '1', null, '11111111111111111111111111111111', '2013-08-11 20:29:45', '11111111111111111111111111111111', '2013-08-11 20:29:45', '0', null, null, null, null);
INSERT INTO `rest_restaurant` VALUES ('dea9a458770141169254df08c41c074f', '11111111111111111111111111111111', 'DYL', '大鸭梨', '大鸭梨总店', null, null, null, null, null, null, '1', '1', '0.80', '1', '会员打折', '1', '2', null, '大鸭梨', '123456', '1', null, '11111111111111111111111111111111', '2013-08-11 19:28:19', 'c82c6f6aa7a540cea9f341b92c7603a0', '2013-08-11 20:29:01', '0', null, null, null, null);

-- ----------------------------
-- Table structure for `rest_table`
-- ----------------------------
DROP TABLE IF EXISTS `rest_table`;
CREATE TABLE `rest_table` (
  `id` char(32) NOT NULL,
  `table_name` varchar(50) NOT NULL,
  `person_count` int(11) NOT NULL,
  `memo` text,
  `rest_id` char(32) NOT NULL,
  `order_num` int(5) NOT NULL default '0',
  `creator` char(32) NOT NULL,
  `create_time` timestamp NOT NULL default CURRENT_TIMESTAMP on update CURRENT_TIMESTAMP,
  `last_modify` char(32) NOT NULL,
  `last_modify_time` timestamp NOT NULL default '0000-00-00 00:00:00',
  `delete_flag` char(1) NOT NULL default '0',
  PRIMARY KEY  (`id`)
) ENGINE=InnoDB DEFAULT CHARSET=utf8;

-- ----------------------------
-- Records of rest_table
-- ----------------------------
INSERT INTO `rest_table` VALUES ('0dd9ce1ad8eb4203ba165c3457f54f7c', '大桌7', '10', null, 'dea9a458770141169254df08c41c074f', '17', 'c82c6f6aa7a540cea9f341b92c7603a0', '2013-08-11 19:39:31', 'c82c6f6aa7a540cea9f341b92c7603a0', '2013-08-11 19:38:26', '0');
INSERT INTO `rest_table` VALUES ('2ad4dd70d9494eec85cfbc03c0d47477', '小桌5', '4', null, 'dea9a458770141169254df08c41c074f', '5', 'c82c6f6aa7a540cea9f341b92c7603a0', '2013-08-11 19:39:19', 'c82c6f6aa7a540cea9f341b92c7603a0', '2013-08-11 19:38:06', '0');
INSERT INTO `rest_table` VALUES ('2fceaca5bab643eaadeaed203b76edf8', '10号操作台', '10', null, '5b0f8b73243b435fbbb191ccb3574347', '10', '23bc054d03eb497a8b79ddc35fd3d097', '2013-08-11 20:46:47', '23bc054d03eb497a8b79ddc35fd3d097', '2013-08-11 20:46:04', '0');
INSERT INTO `rest_table` VALUES ('2feaf38ec5c6427e8e37a65bfb467db3', '7号操作台', '10', null, '5b0f8b73243b435fbbb191ccb3574347', '7', '23bc054d03eb497a8b79ddc35fd3d097', '2013-08-11 20:46:49', '23bc054d03eb497a8b79ddc35fd3d097', '2013-08-11 20:46:04', '0');
INSERT INTO `rest_table` VALUES ('307e2751b64b4022b6f63f6ce387b4b1', '3号操作台', '10', null, '5b0f8b73243b435fbbb191ccb3574347', '3', '23bc054d03eb497a8b79ddc35fd3d097', '2013-08-11 20:46:45', '23bc054d03eb497a8b79ddc35fd3d097', '2013-08-11 20:46:04', '0');
INSERT INTO `rest_table` VALUES ('328f3f5ee4a64df0b5019653d505ea4b', '大桌3', '10', null, 'dea9a458770141169254df08c41c074f', '13', 'c82c6f6aa7a540cea9f341b92c7603a0', '2013-08-11 19:39:28', 'c82c6f6aa7a540cea9f341b92c7603a0', '2013-08-11 19:38:26', '0');
INSERT INTO `rest_table` VALUES ('3e38802f81314096b6570312a58c092c', '2号操作台', '10', null, '5b0f8b73243b435fbbb191ccb3574347', '2', '23bc054d03eb497a8b79ddc35fd3d097', '2013-08-11 20:46:44', '23bc054d03eb497a8b79ddc35fd3d097', '2013-08-11 20:46:04', '0');
INSERT INTO `rest_table` VALUES ('3e5b271e32e446c48f910329ac6171a8', '6号操作台', '10', null, '5b0f8b73243b435fbbb191ccb3574347', '6', '23bc054d03eb497a8b79ddc35fd3d097', '2013-08-11 20:46:52', '23bc054d03eb497a8b79ddc35fd3d097', '2013-08-11 20:46:04', '0');
INSERT INTO `rest_table` VALUES ('408e88d8544946929bb9d1fc0dcaabdc', '8号操作台', '10', null, '5b0f8b73243b435fbbb191ccb3574347', '8', '23bc054d03eb497a8b79ddc35fd3d097', '2013-08-11 20:46:53', '23bc054d03eb497a8b79ddc35fd3d097', '2013-08-11 20:46:04', '0');
INSERT INTO `rest_table` VALUES ('6151339f8c454f34a665c8419dcb9641', '大桌1', '10', null, 'dea9a458770141169254df08c41c074f', '11', 'c82c6f6aa7a540cea9f341b92c7603a0', '2013-08-11 19:39:26', 'c82c6f6aa7a540cea9f341b92c7603a0', '2013-08-11 19:38:26', '0');
INSERT INTO `rest_table` VALUES ('65c8788200f74d389655e4612da67a55', '小桌2', '4', null, 'dea9a458770141169254df08c41c074f', '2', 'c82c6f6aa7a540cea9f341b92c7603a0', '2013-08-11 19:39:17', 'c82c6f6aa7a540cea9f341b92c7603a0', '2013-08-11 19:38:06', '0');
INSERT INTO `rest_table` VALUES ('65de898260a348899170fe14d17eafec', '3号包间', '10', null, 'dea9a458770141169254df08c41c074f', '23', 'c82c6f6aa7a540cea9f341b92c7603a0', '2013-08-11 19:39:39', 'c82c6f6aa7a540cea9f341b92c7603a0', '2013-08-11 19:38:51', '0');
INSERT INTO `rest_table` VALUES ('6e00e7e041ee4a5d96782578b2af59dd', '1号操作台', '10', null, '5b0f8b73243b435fbbb191ccb3574347', '1', '23bc054d03eb497a8b79ddc35fd3d097', '2013-08-11 20:46:41', '23bc054d03eb497a8b79ddc35fd3d097', '2013-08-11 20:46:04', '0');
INSERT INTO `rest_table` VALUES ('6fd9c661386f4eeb81edb63e07d2ab60', '大桌5', '10', null, 'dea9a458770141169254df08c41c074f', '15', 'c82c6f6aa7a540cea9f341b92c7603a0', '2013-08-11 19:39:29', 'c82c6f6aa7a540cea9f341b92c7603a0', '2013-08-11 19:38:26', '0');
INSERT INTO `rest_table` VALUES ('7a6a6feb5d4d471abd1ca0673084ac99', '大桌9', '10', null, 'dea9a458770141169254df08c41c074f', '19', 'c82c6f6aa7a540cea9f341b92c7603a0', '2013-08-11 19:39:33', 'c82c6f6aa7a540cea9f341b92c7603a0', '2013-08-11 19:38:26', '0');
INSERT INTO `rest_table` VALUES ('85c4dcef60194a0283711721f1d2102f', '小桌10', '4', null, 'dea9a458770141169254df08c41c074f', '10', 'c82c6f6aa7a540cea9f341b92c7603a0', '2013-08-11 19:39:25', 'c82c6f6aa7a540cea9f341b92c7603a0', '2013-08-11 19:38:06', '0');
INSERT INTO `rest_table` VALUES ('8b15299e280e44a39329a1303c6d3f0f', '小桌8', '4', null, 'dea9a458770141169254df08c41c074f', '8', 'c82c6f6aa7a540cea9f341b92c7603a0', '2013-08-11 19:39:21', 'c82c6f6aa7a540cea9f341b92c7603a0', '2013-08-11 19:38:06', '0');
INSERT INTO `rest_table` VALUES ('8b3c015097784abb8f07d8cfbdd08687', '大桌2', '10', null, 'dea9a458770141169254df08c41c074f', '12', 'c82c6f6aa7a540cea9f341b92c7603a0', '2013-08-11 19:39:27', 'c82c6f6aa7a540cea9f341b92c7603a0', '2013-08-11 19:38:26', '0');
INSERT INTO `rest_table` VALUES ('8beb36f2d716403b8eafaee886b7cb93', '2号包间', '10', null, 'dea9a458770141169254df08c41c074f', '22', 'c82c6f6aa7a540cea9f341b92c7603a0', '2013-08-11 19:39:38', 'c82c6f6aa7a540cea9f341b92c7603a0', '2013-08-11 19:38:51', '0');
INSERT INTO `rest_table` VALUES ('8c5054d9a1354e7e83d913f1bf471612', '小桌7', '4', null, 'dea9a458770141169254df08c41c074f', '7', 'c82c6f6aa7a540cea9f341b92c7603a0', '2013-08-11 19:39:19', 'c82c6f6aa7a540cea9f341b92c7603a0', '2013-08-11 19:38:06', '0');
INSERT INTO `rest_table` VALUES ('8ed57ff8710241e7be034714e63ce884', '小桌4', '4', null, 'dea9a458770141169254df08c41c074f', '4', 'c82c6f6aa7a540cea9f341b92c7603a0', '2013-08-11 19:39:18', 'c82c6f6aa7a540cea9f341b92c7603a0', '2013-08-11 19:38:06', '0');
INSERT INTO `rest_table` VALUES ('91d571c279ee4291b54fc8b17b7c2fd0', '1号包间', '10', null, 'dea9a458770141169254df08c41c074f', '21', 'c82c6f6aa7a540cea9f341b92c7603a0', '2013-08-11 19:39:38', 'c82c6f6aa7a540cea9f341b92c7603a0', '2013-08-11 19:38:51', '0');
INSERT INTO `rest_table` VALUES ('a37043a8ca8b43978db96f321cdc8e50', '9号操作台', '10', null, '5b0f8b73243b435fbbb191ccb3574347', '9', '23bc054d03eb497a8b79ddc35fd3d097', '2013-08-11 20:46:56', '23bc054d03eb497a8b79ddc35fd3d097', '2013-08-11 20:46:04', '0');
INSERT INTO `rest_table` VALUES ('a7fd68c9c60441b7bee0fe60caa5d175', '大桌4', '10', null, 'dea9a458770141169254df08c41c074f', '14', 'c82c6f6aa7a540cea9f341b92c7603a0', '2013-08-11 19:39:29', 'c82c6f6aa7a540cea9f341b92c7603a0', '2013-08-11 19:38:26', '0');
INSERT INTO `rest_table` VALUES ('ada45ff4c2ae4fc09ba0d7de642f80d3', '4号操作台', '10', null, '5b0f8b73243b435fbbb191ccb3574347', '4', '23bc054d03eb497a8b79ddc35fd3d097', '2013-08-11 20:47:00', '23bc054d03eb497a8b79ddc35fd3d097', '2013-08-11 20:46:04', '0');
INSERT INTO `rest_table` VALUES ('b01ba554f53d46e3a0d4f1680d43b361', '小桌9', '4', null, 'dea9a458770141169254df08c41c074f', '9', 'c82c6f6aa7a540cea9f341b92c7603a0', '2013-08-11 20:02:47', 'c82c6f6aa7a540cea9f341b92c7603a0', '2013-08-11 19:38:06', '0');
INSERT INTO `rest_table` VALUES ('b475547c4de0436499f208c86c7209b1', '5号包间', '10', null, 'dea9a458770141169254df08c41c074f', '25', 'c82c6f6aa7a540cea9f341b92c7603a0', '2013-08-11 19:39:44', 'c82c6f6aa7a540cea9f341b92c7603a0', '2013-08-11 19:38:51', '0');
INSERT INTO `rest_table` VALUES ('b848165814664cb4a066c1b72284fa3a', '小桌3', '4', null, 'dea9a458770141169254df08c41c074f', '3', 'c82c6f6aa7a540cea9f341b92c7603a0', '2013-08-11 19:39:18', 'c82c6f6aa7a540cea9f341b92c7603a0', '2013-08-11 19:38:06', '0');
INSERT INTO `rest_table` VALUES ('d1de08a8ec85404aa725f3f69ce71534', '5号操作台', '10', null, '5b0f8b73243b435fbbb191ccb3574347', '5', '23bc054d03eb497a8b79ddc35fd3d097', '2013-08-11 20:47:00', '23bc054d03eb497a8b79ddc35fd3d097', '2013-08-11 20:46:04', '0');
INSERT INTO `rest_table` VALUES ('dc5289e88c7b4cdd96d8abd78b8e9b35', '大桌6', '10', null, 'dea9a458770141169254df08c41c074f', '16', 'c82c6f6aa7a540cea9f341b92c7603a0', '2013-08-11 19:39:30', 'c82c6f6aa7a540cea9f341b92c7603a0', '2013-08-11 19:38:26', '0');
INSERT INTO `rest_table` VALUES ('e57e85eff15341a6880191f750154f62', '4号包间', '10', null, 'dea9a458770141169254df08c41c074f', '24', 'c82c6f6aa7a540cea9f341b92c7603a0', '2013-08-11 19:39:40', 'c82c6f6aa7a540cea9f341b92c7603a0', '2013-08-11 19:38:51', '0');
INSERT INTO `rest_table` VALUES ('e97e1db2af214b65a37abc16db1972aa', '小桌6', '4', null, 'dea9a458770141169254df08c41c074f', '6', 'c82c6f6aa7a540cea9f341b92c7603a0', '2013-08-11 19:39:19', 'c82c6f6aa7a540cea9f341b92c7603a0', '2013-08-11 19:38:06', '0');
INSERT INTO `rest_table` VALUES ('e9c106ae2e61430ab69d1b656a137455', '小桌1', '4', null, 'dea9a458770141169254df08c41c074f', '1', 'c82c6f6aa7a540cea9f341b92c7603a0', '2013-08-11 19:39:16', 'c82c6f6aa7a540cea9f341b92c7603a0', '2013-08-11 19:38:06', '0');
INSERT INTO `rest_table` VALUES ('eabc43cac7d94eb4b0d3594b46631251', '大桌10', '10', null, 'dea9a458770141169254df08c41c074f', '20', 'c82c6f6aa7a540cea9f341b92c7603a0', '2013-08-11 19:39:36', 'c82c6f6aa7a540cea9f341b92c7603a0', '2013-08-11 19:38:26', '0');
INSERT INTO `rest_table` VALUES ('ebcd4e649cdc4f1f943500645b57385b', '大桌8', '10', null, 'dea9a458770141169254df08c41c074f', '18', 'c82c6f6aa7a540cea9f341b92c7603a0', '2013-08-11 19:39:32', 'c82c6f6aa7a540cea9f341b92c7603a0', '2013-08-11 19:38:26', '0');

-- ----------------------------
-- Table structure for `sms_log`
-- ----------------------------
DROP TABLE IF EXISTS `sms_log`;
CREATE TABLE `sms_log` (
  `id` char(32) NOT NULL default '',
  `rest_id` char(32) default NULL,
  `mobile_num` varchar(500) default NULL,
  `send_content` varchar(10) default NULL,
  `send_time` datetime default NULL,
  PRIMARY KEY  (`id`)
) ENGINE=InnoDB DEFAULT CHARSET=utf8;

-- ----------------------------
-- Records of sms_log
-- ----------------------------

-- ----------------------------
-- Table structure for `sys_dictionary`
-- ----------------------------
DROP TABLE IF EXISTS `sys_dictionary`;
CREATE TABLE `sys_dictionary` (
  `id` char(32) NOT NULL,
  `key` varchar(50) NOT NULL,
  `name` varchar(100) NOT NULL,
  `creator` char(32) NOT NULL,
  `create_time` timestamp NOT NULL default CURRENT_TIMESTAMP on update CURRENT_TIMESTAMP,
  `last_modify` char(32) NOT NULL,
  `last_modify_time` timestamp NOT NULL default '0000-00-00 00:00:00',
  `delete_flag` char(1) NOT NULL default '0',
  PRIMARY KEY  (`id`)
) ENGINE=InnoDB DEFAULT CHARSET=utf8;

-- ----------------------------
-- Records of sys_dictionary
-- ----------------------------
INSERT INTO `sys_dictionary` VALUES ('2e08359d760f48da8f6c7f632c308301', 'ORDER_STATUS', '订单_状态', '0093B2E4F0634DE080CBBF1EAF8FE078', '2013-07-28 00:19:25', '0093B2E4F0634DE080CBBF1EAF8FE078', '2013-07-28 00:19:25', '0');
INSERT INTO `sys_dictionary` VALUES ('53b73245d63944e7b69f4b241fb655da', 'FOOD_UNIT', '菜品_单位', '0093B2E4F0634DE080CBBF1EAF8FE078', '2013-08-11 19:58:34', '11111111111111111111111111111111', '2013-07-19 12:00:19', '0');
INSERT INTO `sys_dictionary` VALUES ('7fee25f038be422d93b662cdbc2093b6', 'ORDER_PAYTYPE', '订单_付款类型', '0093B2E4F0634DE080CBBF1EAF8FE078', '2013-07-28 11:25:10', '0093B2E4F0634DE080CBBF1EAF8FE078', '2013-07-28 11:25:10', '0');
INSERT INTO `sys_dictionary` VALUES ('a8093b596d3147f1abab130c58f6cf75', 'GLOBAL_TF', '公用_是否', '0093B2E4F0634DE080CBBF1EAF8FE078', '2013-08-10 00:37:33', '79430adb0a81471a86c3d4e3c2e2791f', '2013-07-19 11:56:55', '0');
INSERT INTO `sys_dictionary` VALUES ('b69e09d809214ed4ae903adf0fff10f0', 'GLOBAL_ENABLE', '公用_启用禁用', '0093B2E4F0634DE080CBBF1EAF8FE078', '2013-08-09 00:45:12', '79430adb0a81471a86c3d4e3c2e2791f', '2013-08-04 11:38:55', '0');
INSERT INTO `sys_dictionary` VALUES ('c27c3129181b448698041fc9e20bae55', 'RESOURCE_TYPE', '资源_类型', '0093B2E4F0634DE080CBBF1EAF8FE078', '2013-08-04 11:36:05', '0093B2E4F0634DE080CBBF1EAF8FE078', '2013-08-04 11:36:05', '0');
INSERT INTO `sys_dictionary` VALUES ('f6c2767cc4bf499084f3fa9c37ab7292', 'REST_DISCOUTTYPE', '餐厅_折扣类型', '0093B2E4F0634DE080CBBF1EAF8FE078', '2013-07-19 12:01:22', '0093B2E4F0634DE080CBBF1EAF8FE078', '2013-07-19 12:01:22', '0');
INSERT INTO `sys_dictionary` VALUES ('fa3d13820a1e4c2aa8de9ad73a463443', 'REST_VOTESPIRCE', '餐厅_推荐来源', '0093B2E4F0634DE080CBBF1EAF8FE078', '2013-07-19 12:01:53', '0093B2E4F0634DE080CBBF1EAF8FE078', '2013-07-19 12:01:53', '0');

-- ----------------------------
-- Table structure for `sys_dictionary_item`
-- ----------------------------
DROP TABLE IF EXISTS `sys_dictionary_item`;
CREATE TABLE `sys_dictionary_item` (
  `id` char(32) NOT NULL,
  `dictionary_id` char(32) NOT NULL,
  `dictionary_key` varchar(50) NOT NULL,
  `name` varchar(100) NOT NULL,
  `value` varchar(10) NOT NULL,
  `creator` char(32) NOT NULL,
  `create_time` timestamp NOT NULL default CURRENT_TIMESTAMP on update CURRENT_TIMESTAMP,
  `last_modify` char(32) NOT NULL,
  `last_modify_time` timestamp NOT NULL default '0000-00-00 00:00:00',
  `delete_flag` char(1) NOT NULL default '0',
  PRIMARY KEY  (`id`)
) ENGINE=InnoDB DEFAULT CHARSET=utf8;

-- ----------------------------
-- Records of sys_dictionary_item
-- ----------------------------
INSERT INTO `sys_dictionary_item` VALUES ('1d4ef4cf4e37414f8bf29ecb691d58d0', 'f6c2767cc4bf499084f3fa9c37ab7292', 'REST_DISCOUTTYPE', '比例', '1', '0093B2E4F0634DE080CBBF1EAF8FE078', '2013-07-19 12:01:22', '0093B2E4F0634DE080CBBF1EAF8FE078', '2013-07-19 12:01:22', '0');
INSERT INTO `sys_dictionary_item` VALUES ('30a6ae8bafaa4b1e91a530a42ea4ead3', '2e08359d760f48da8f6c7f632c308301', 'ORDER_STATUS', '已下单', '02', '0093B2E4F0634DE080CBBF1EAF8FE078', '2013-07-28 00:19:25', '0093B2E4F0634DE080CBBF1EAF8FE078', '2013-07-28 00:19:25', '0');
INSERT INTO `sys_dictionary_item` VALUES ('38a17868a1b94745986ad8795c970c92', 'c27c3129181b448698041fc9e20bae55', 'RESOURCE_TYPE', '功能界面', '1', '0093B2E4F0634DE080CBBF1EAF8FE078', '2013-08-04 11:36:05', '0093B2E4F0634DE080CBBF1EAF8FE078', '2013-08-04 11:36:05', '0');
INSERT INTO `sys_dictionary_item` VALUES ('3a8ca45cd20343798dff01c560223f50', '53b73245d63944e7b69f4b241fb655da', 'FOOD_UNIT', '斤', '4', '0093B2E4F0634DE080CBBF1EAF8FE078', '2013-08-11 19:58:34', '11111111111111111111111111111111', '2013-07-19 12:00:19', '0');
INSERT INTO `sys_dictionary_item` VALUES ('3bf341fa551b4819ba3adac750bf4476', 'b69e09d809214ed4ae903adf0fff10f0', 'GLOBAL_ENABLE', '禁用', '2', '0093B2E4F0634DE080CBBF1EAF8FE078', '2013-08-09 00:45:12', '79430adb0a81471a86c3d4e3c2e2791f', '2013-08-04 11:39:12', '0');
INSERT INTO `sys_dictionary_item` VALUES ('44e97bf315fe447584deccbb9393d7e1', 'a8093b596d3147f1abab130c58f6cf75', 'GLOBAL_TF', '是', '1', '0093B2E4F0634DE080CBBF1EAF8FE078', '2013-08-10 00:37:52', '79430adb0a81471a86c3d4e3c2e2791f', '2013-07-19 11:56:55', '0');
INSERT INTO `sys_dictionary_item` VALUES ('569647781080414691947b36fd76431f', '7fee25f038be422d93b662cdbc2093b6', 'ORDER_PAYTYPE', '刷卡', '02', '0093B2E4F0634DE080CBBF1EAF8FE078', '2013-07-28 11:25:10', '0093B2E4F0634DE080CBBF1EAF8FE078', '2013-07-28 11:25:10', '0');
INSERT INTO `sys_dictionary_item` VALUES ('5effc6e4f9c64e0f9cf5a5fe50982187', '53b73245d63944e7b69f4b241fb655da', 'FOOD_UNIT', '例', '3', '0093B2E4F0634DE080CBBF1EAF8FE078', '2013-08-11 19:58:34', '11111111111111111111111111111111', '2013-07-19 12:00:19', '0');
INSERT INTO `sys_dictionary_item` VALUES ('6881f3f1d3ad4d739f45f2979cd88f6e', '2e08359d760f48da8f6c7f632c308301', 'ORDER_STATUS', '已结账', '03', '0093B2E4F0634DE080CBBF1EAF8FE078', '2013-07-28 00:19:25', '0093B2E4F0634DE080CBBF1EAF8FE078', '2013-07-28 00:19:25', '0');
INSERT INTO `sys_dictionary_item` VALUES ('813306099f5942a1b16c143ee1f17b03', 'f6c2767cc4bf499084f3fa9c37ab7292', 'REST_DISCOUTTYPE', '定额', '2', '0093B2E4F0634DE080CBBF1EAF8FE078', '2013-07-19 12:01:22', '0093B2E4F0634DE080CBBF1EAF8FE078', '2013-07-19 12:01:22', '0');
INSERT INTO `sys_dictionary_item` VALUES ('825d321964bb48b2a99bb6d7306068f6', '53b73245d63944e7b69f4b241fb655da', 'FOOD_UNIT', '套', '5', '11111111111111111111111111111111', '2013-08-11 19:58:34', '11111111111111111111111111111111', '2013-08-11 19:58:34', '0');
INSERT INTO `sys_dictionary_item` VALUES ('83c8796de4cc4cfab3b1750f0759e13a', 'fa3d13820a1e4c2aa8de9ad73a463443', 'REST_VOTESPIRCE', '菜品', '2', '0093B2E4F0634DE080CBBF1EAF8FE078', '2013-07-19 12:01:54', '0093B2E4F0634DE080CBBF1EAF8FE078', '2013-07-19 12:01:54', '0');
INSERT INTO `sys_dictionary_item` VALUES ('89708b031ef84030ade65f33e748c369', 'fa3d13820a1e4c2aa8de9ad73a463443', 'REST_VOTESPIRCE', '订单', '1', '0093B2E4F0634DE080CBBF1EAF8FE078', '2013-07-19 12:01:53', '0093B2E4F0634DE080CBBF1EAF8FE078', '2013-07-19 12:01:53', '0');
INSERT INTO `sys_dictionary_item` VALUES ('8ed7856dd13c4ba0af838558a77377d1', '53b73245d63944e7b69f4b241fb655da', 'FOOD_UNIT', '盘', '1', '0093B2E4F0634DE080CBBF1EAF8FE078', '2013-08-11 19:58:34', '11111111111111111111111111111111', '2013-07-19 12:00:19', '0');
INSERT INTO `sys_dictionary_item` VALUES ('922f82f4aed74a0faac8ca4392cea673', '7fee25f038be422d93b662cdbc2093b6', 'ORDER_PAYTYPE', '现金', '01', '0093B2E4F0634DE080CBBF1EAF8FE078', '2013-07-28 11:25:10', '0093B2E4F0634DE080CBBF1EAF8FE078', '2013-07-28 11:25:10', '0');
INSERT INTO `sys_dictionary_item` VALUES ('9d5d43cddb704f0b9a001b2bdc20435b', '53b73245d63944e7b69f4b241fb655da', 'FOOD_UNIT', '份', '2', '0093B2E4F0634DE080CBBF1EAF8FE078', '2013-08-11 19:58:34', '11111111111111111111111111111111', '2013-07-19 12:00:19', '0');
INSERT INTO `sys_dictionary_item` VALUES ('ccb6a9f8a6f449b092e7ce5befbb2edf', '2e08359d760f48da8f6c7f632c308301', 'ORDER_STATUS', '草稿', '01', '0093B2E4F0634DE080CBBF1EAF8FE078', '2013-07-28 00:19:25', '0093B2E4F0634DE080CBBF1EAF8FE078', '2013-07-28 00:19:25', '0');
INSERT INTO `sys_dictionary_item` VALUES ('db7105d266fc40b68e6bfee7f5394e54', 'b69e09d809214ed4ae903adf0fff10f0', 'GLOBAL_ENABLE', '启用', '1', '0093B2E4F0634DE080CBBF1EAF8FE078', '2013-08-09 00:45:12', '79430adb0a81471a86c3d4e3c2e2791f', '2013-08-04 11:38:55', '0');
INSERT INTO `sys_dictionary_item` VALUES ('e33ef8666dd0491282b44393bbd01df7', 'a8093b596d3147f1abab130c58f6cf75', 'GLOBAL_TF', '否', '0', '0093B2E4F0634DE080CBBF1EAF8FE078', '2013-08-10 00:37:33', '79430adb0a81471a86c3d4e3c2e2791f', '2013-07-19 11:56:55', '0');
INSERT INTO `sys_dictionary_item` VALUES ('f1eba35ca7ac44c9a87b84878b82b450', 'c27c3129181b448698041fc9e20bae55', 'RESOURCE_TYPE', '按钮', '2', '0093B2E4F0634DE080CBBF1EAF8FE078', '2013-08-04 11:37:08', '0093B2E4F0634DE080CBBF1EAF8FE078', '2013-08-04 11:37:08', '0');
